Educator Race/Ethnicity Report for 2010-11,,,,
,,,,
District,School,Race,Count,% of Total
Achievement First Bridgeport Academy District,Achievement First Bridgeport Academy,Black Or African American,8,20.5
,,Hispanic Or Latino,3,7.7
,,White,28,71.8
Achievement First Hartford Academy District,Achievement First Hartford Academy,Black Or African American,5,8.2
,,Hispanic Or Latino,6,9.8
,,White,47,77
,,Asian,3,4.9
Amistad Academy District,Amistad Academy,Black Or African American,6,6.7
,,Hispanic Or Latino,2,2.2
,,White,75,83.3
,,Asian,7,7.8
Andover School District,Andover Elementary School,White,36,100
Ansonia School District,Ansonia High School,Black Or African American,1,1.6
,,Hispanic Or Latino,2,3.2
,,White,59,95.2
,Ansonia Middle School,Hispanic Or Latino,1,2.6
,,White,36,94.7
,,Asian,1,2.6
,Mead School,Black Or African American,3,6.3
,,White,44,91.7
,,Asian,1,2.1
,Prendergast School,Black Or African American,1,1.7
,,White,57,98.3
Area Cooperative Educational Services,Center for Autism Spectrum and Development Disorders,White,2,100
,Mill Road School,Black Or African American,2,5.6
,,White,34,94.4
,Thomas Edison Magnet Middle School,Black Or African American,1,1.4
,,Hispanic Or Latino,5,7.1
,,White,63,90
,,Asian,1,1.4
,Village School,White,31,100
,Whitney High School East,Black Or African American,1,3.6
,,White,26,92.9
,,Asian,1,3.6
,Whitney High School North,Black Or African American,2,10.5
,,White,17,89.5
,Whitney High School West,White,13,100
,Wintergreen Interdistrict Magnet School,Black Or African American,5,9.4
,,Hispanic Or Latino,2,3.8
,,White,45,84.9
,,Asian,1,1.9
Ashford School District,Ashford School,White,52,100
Avon School District,Avon High School,Black Or African American,1,1
,,Hispanic Or Latino,1,1
,,White,95,97.9
,Avon Middle School,Hispanic Or Latino,1,1.9
,,White,53,98.1
,Pine Grove School,Black Or African American,1,2
,,White,50,98
,Roaring Brook School,White,50,100
,Thompson Brook School,Black Or African American,1,2.1
,,White,47,97.9
Barkhamsted School District,Barkhamsted Elementary School,White,31,100
,Shared Services Integrated Preschool,White,1,100
Berlin School District,Berlin High School,Hispanic Or Latino,2,2
,,White,97,98
,Catherine M. McGee Middle School,White,72,97.3
,,Asian,2,2.7
,Emma Hart Willard School,White,50,100
,Mary E. Griswold School,White,51,100
,Richard D. Hubbard School,White,28,100
Bethany School District,Bethany Community School,Hispanic Or Latino,1,1.9
,,White,53,98.1
Bethel School District,Anna H. Rockwell School,White,38,100
,Bethel High School,Black Or African American,1,1
,,White,97,99
,Bethel Middle School,White,63,98.4
,,Asian,1,1.6
,Frank A. Berry School,White,46,100
,Ralph M. T. Johnson School,White,42,100
Bloomfield School District,Bloomfield High School,Black Or African American,19,24.7
,,Hispanic Or Latino,2,2.6
,,White,56,72.7
,Carmen Arace Intermediate School,Black Or African American,8,19.5
,,Hispanic Or Latino,1,2.4
,,White,32,78
,Carmen Arace Middle School,Black Or African American,13,30.2
,,Hispanic Or Latino,1,2.3
,,White,29,67.4
,J. P. Vincent School,Black Or African American,7,17.1
,,White,34,82.9
,Laurel School,Black Or African American,6,18.8
,,White,26,81.3
,The Big Picture High School,Black Or African American,2,18.2
,,White,8,72.7
,,Asian,1,9.1
,Wintonbury Early Childhood Magnet School,Black Or African American,1,3.8
,,Hispanic Or Latino,1,3.8
,,White,24,92.3
Bolton School District,Bolton Center School,Hispanic Or Latino,2,3.5
,,White,55,96.5
,Bolton High School,White,39,100
Bozrah School District,Fields Memorial School,White,26,100
Branford School District,Branford High School,Black Or African American,1,0.9
,,Hispanic Or Latino,3,2.7
,,White,106,95.5
,,Asian,1,0.9
,Francis Walsh Intermediate School,Hispanic Or Latino,1,1
,,White,102,99
,Indian Neck School,Hispanic Or Latino,1,16.7
,,White,5,83.3
,John B. Sliney School,White,35,100
,Mary R. Tisko School,White,37,100
,Mary T. Murphy School,White,40,97.6
,,Asian,1,2.4
Bridgeport School District,A.B. Skane Center,Black Or African American,1,3.4
,,Hispanic Or Latino,6,20.7
,,White,21,72.4
,,Asian,1,3.4
,Barnum School,Black Or African American,4,7.1
,,Hispanic Or Latino,14,25
,,White,36,64.3
,,Asian,2,3.6
,Bassick High School,Black Or African American,13,14.4
,,Hispanic Or Latino,10,11.1
,,White,66,73.3
,,Asian,1,1.1
,Beardsley School,Black Or African American,3,7.9
,,Hispanic Or Latino,1,2.6
,,White,33,86.8
,,Asian,1,2.6
,Black Rock School,Black Or African American,2,6.5
,,Hispanic Or Latino,1,3.2
,,White,27,87.1
,,Asian,1,3.2
,Blackham School,Black Or African American,3,3.6
,,Hispanic Or Latino,4,4.8
,,White,75,89.3
,,Asian,2,2.4
,Bridgeport Learning Center,Black Or African American,3,15.8
,,White,15,78.9
,,Asian,1,5.3
,Bridgeport Regional Vocational Aquaculture School,Hispanic Or Latino,1,5.9
,,White,15,88.2
,,Asian,1,5.9
,Bryant School,Black Or African American,2,5.7
,,Hispanic Or Latino,3,8.6
,,White,30,85.7
,Central High School,Black Or African American,19,12.5
,,Hispanic Or Latino,9,5.9
,,White,121,79.6
,,Asian,2,1.3
,,American Indian Or Alaska Native,1,0.7
,Central at Night,White,1,100
,Cesar Batalla School,Black Or African American,9,11.1
,,Hispanic Or Latino,32,39.5
,,White,38,46.9
,,Asian,2,2.5
,Classical Studies Academy,Black Or African American,7,23.3
,,Hispanic Or Latino,3,10
,,White,20,66.7
,Columbus School,Black Or African American,3,5.3
,,Hispanic Or Latino,8,14
,,White,42,73.7
,,Asian,3,5.3
,,American Indian Or Alaska Native,1,1.8
,Edison School,Black Or African American,4,13.3
,,White,26,86.7
,Geraldine Johnson School,Black Or African American,7,12.1
,,Hispanic Or Latino,2,3.4
,,White,45,77.6
,,Asian,4,6.9
,Hall School,Black Or African American,4,13.3
,,Hispanic Or Latino,1,3.3
,,White,25,83.3
,Hallen School,Black Or African American,4,12.9
,,Hispanic Or Latino,1,3.2
,,White,25,80.6
,,American Indian Or Alaska Native,1,3.2
,High Horizons Magnet School,Black Or African American,7,20.6
,,Hispanic Or Latino,1,2.9
,,White,25,73.5
,,Asian,1,2.9
,Interdistrict Discovery Magnet School,Hispanic Or Latino,2,15.4
,,White,10,76.9
,,Asian,1,7.7
,James J. Curiale School,Black Or African American,4,7.7
,,Hispanic Or Latino,4,7.7
,,White,41,78.8
,,Asian,3,5.8
,Jettie S. Tisdale School,Black Or African American,9,16.1
,,Hispanic Or Latino,4,7.1
,,White,43,76.8
,John Winthrop School,Black Or African American,9,17
,,Hispanic Or Latino,4,7.5
,,White,40,75.5
,Longfellow School,Black Or African American,16,38.1
,,Hispanic Or Latino,1,2.4
,,White,25,59.5
,Luis Munoz Marin School,Black Or African American,6,8.2
,,Hispanic Or Latino,13,17.8
,,White,54,74
,Madison School,Black Or African American,2,4.3
,,Hispanic Or Latino,2,4.3
,,White,42,91.3
,Make The Grade,Black Or African American,5,50
,,Hispanic Or Latino,1,10
,,White,4,40
,Multicultural Magnet School,Black Or African American,3,7
,,Hispanic Or Latino,6,14
,,White,33,76.7
,,Asian,1,2.3
,New Start Program,Black Or African American,1,8.3
,,White,11,91.7
,Park City Academy,Black Or African American,2,18.2
,,White,9,81.8
,Park City Magnet School,Black Or African American,6,15.8
,,Hispanic Or Latino,3,7.9
,,White,27,71.1
,,Asian,2,5.3
,Paul Laurence Dunbar School,Black Or African American,12,31.6
,,White,26,68.4
,Read School,Black Or African American,7,10.8
,,Hispanic Or Latino,1,1.5
,,White,57,87.7
,Roosevelt School,Black Or African American,6,11.1
,,Hispanic Or Latino,11,20.4
,,White,34,63
,,Asian,3,5.6
,The University School,Black Or African American,1,8.3
,,White,11,91.7
,Thomas Hooker School,Black Or African American,5,12.8
,,Hispanic Or Latino,4,10.3
,,White,30,76.9
,Waltersville School,Black Or African American,6,13
,,Hispanic Or Latino,5,10.9
,,White,33,71.7
,,Asian,2,4.3
,Warren Harding High School,Black Or African American,21,17.9
,,Hispanic Or Latino,16,13.7
,,White,76,65
,,Asian,4,3.4
,Wilbur Cross School,Black Or African American,8,20
,,Hispanic Or Latino,1,2.5
,,White,31,77.5
Bristol School District,Alternative Special Education Program (ASEP),White,5,100
,Bristol Central High School,Black Or African American,5,4.4
,,Hispanic Or Latino,2,1.8
,,White,103,91.2
,,Asian,3,2.7
,Bristol Eastern High School,Black Or African American,3,2.9
,,Hispanic Or Latino,2,1.9
,,White,97,94.2
,,Asian,1,1
,Chippens Hill Middle School,Black Or African American,3,3.6
,,Hispanic Or Latino,1,1.2
,,White,79,95.2
,Clara T. O'Connell School,Black Or African American,1,2.8
,,Hispanic Or Latino,1,2.8
,,White,34,94.4
,Community/Vocational Program,White,1,100
,Edgewood School,Hispanic Or Latino,1,3.1
,,White,31,96.9
,Ellen P. Hubbell School,White,39,97.5
,,Asian,1,2.5
,Greene-Hills School,Hispanic Or Latino,1,2.9
,,White,32,94.1
,,Asian,1,2.9
,Ivy Drive School,White,33,100
,John J. Jennings School,Hispanic Or Latino,2,6.5
,,White,29,93.5
,Memorial Boulevard Middle School,Black Or African American,1,2
,,White,49,98
,Mountain View School,White,29,100
,Northeast Middle School,White,55,100
,South Side School,Hispanic Or Latino,3,6.4
,,White,44,93.6
,Stafford School,White,40,95.2
,,Asian,1,2.4
,,American Indian Or Alaska Native,1,2.4
Brookfield School District,Brookfield High School,Black Or African American,1,1.2
,,Hispanic Or Latino,2,2.4
,,White,77,93.9
,,Asian,2,2.4
,Center Elementary School,White,35,100
,Huckleberry Hill Elementary School,Black Or African American,1,2.2
,,Hispanic Or Latino,1,2.2
,,White,44,95.7
,Whisconier Middle School,White,75,98.7
,,American Indian Or Alaska Native,1,1.3
Brooklyn School District,Brooklyn Elementary School,Hispanic Or Latino,1,2.3
,,White,43,97.7
,Brooklyn Middle School,White,39,100
Canaan School District,Lee H. Kellogg School,White,18,100
Canterbury School District,Canterbury Elementary School,White,25,96.2
,,Asian,1,3.8
,Dr. Helen Baldwin Middle School,Black Or African American,1,4.2
,,White,23,95.8
Canton School District,Canton High School,Black Or African American,1,1.9
,,White,52,98.1
,Canton Intermediate School,White,36,100
,Canton Middle School,Black Or African American,1,2.9
,,White,34,97.1
,Cherry Brook Primary School,White,45,100
Capitol Region Education Council,Academy of Aerospace and Engineering,Black Or African American,1,3.3
,,White,28,93.3
,,Asian,1,3.3
,Academy of Science and Innovation,Black Or African American,3,13
,,Hispanic Or Latino,4,17.4
,,White,16,69.6
,Farmington Valley Regional Diagnostic Center,Black Or African American,1,20
,,White,4,80
,Glastonbury/East Hartford Magnet School,Hispanic Or Latino,1,4.5
,,White,19,86.4
,,Asian,2,9.1
,Great Path Academy at MCC,Hispanic Or Latino,2,7.1
,,White,26,92.9
,Greater Hartford Academy of Math and Science,Black Or African American,2,33.3
,,White,4,66.7
,Greater Hartford Academy of the Arts High School - Full Time,Black Or African American,4,15.4
,,Hispanic Or Latino,5,19.2
,,White,16,61.5
,,Asian,1,3.8
,IPM @ Plainville High School,White,5,100
,International Magnet School for Global Citizenship,Black Or African American,1,4.5
,,Hispanic Or Latino,1,4.5
,,White,20,90.9
,John J. Allison Polaris Center,Black Or African American,5,16.7
,,Hispanic Or Latino,2,6.7
,,White,23,76.7
,Lincoln Academy Regional Interdistrict Collaborative,White,2,100
,Metropolitan Learning Center for Global and International Studies,Black Or African American,9,14.3
,,Hispanic Or Latino,5,7.9
,,White,48,76.2
,,Asian,1,1.6
,Montessori Magnet School,Black Or African American,3,11.5
,,Hispanic Or Latino,3,11.5
,,White,19,73.1
,,Asian,1,3.8
,PSA Civic Leadership High School,Black Or African American,4,13.3
,,Hispanic Or Latino,1,3.3
,,White,23,76.7
,,Asian,2,6.7
,Reggio Magnet School of the Arts,Hispanic Or Latino,1,4.2
,,White,23,95.8
,River Street School,Black Or African American,1,2.2
,,Hispanic Or Latino,2,4.3
,,White,43,93.5
,River Street School Birken Campus,Hispanic Or Latino,1,6.7
,,White,14,93.3
,Soundbridge,White,23,100
,Two Rivers Magnet Middle School,Black Or African American,3,4.8
,,Hispanic Or Latino,3,4.8
,,White,53,84.1
,,Asian,4,6.3
,University of Hartford Magnet School,Black Or African American,2,5.3
,,White,36,94.7
Chaplin School District,Chaplin Elementary School,White,24,100
Charter School for Young Children on Asylum Hill District,Charter School for Young Children on Asylum Hill Inc.,Black Or African American,3,16.7
,,Hispanic Or Latino,2,11.1
,,White,13,72.2
Cheshire School District,Chapman School,White,32,100
,Cheshire High School,Hispanic Or Latino,1,0.8
,,White,128,97.7
,,Asian,2,1.5
,Darcey School,White,27,100
,Dodd Middle School,Hispanic Or Latino,2,2.8
,,White,70,97.2
,Doolittle School,Hispanic Or Latino,1,2.3
,,White,42,97.7
,Highland School,White,65,98.5
,,Asian,1,1.5
,Humiston School,White,7,100
,Norton School,Black Or African American,1,2.4
,,White,40,97.6
Chester School District,Chester Elementary School,White,36,100
Clinton School District,Abraham Pierson School,White,29,100
,Jared Eliot School,Hispanic Or Latino,2,3.5
,,White,55,96.5
,Lewin G. Joel Jr. School,White,59,100
,The Morgan School,Hispanic Or Latino,1,1.6
,,White,62,96.9
,,Asian,1,1.6
Colchester School District,Bacon Academy,Black Or African American,2,2
,,Hispanic Or Latino,3,3.1
,,White,93,94.9
,Colchester Elementary School,White,55,100
,Jack Jackter Intermediate School,White,59,100
,William J. Johnston Middle School,Black Or African American,1,1.4
,,White,68,98.6
Colebrook School District,Colebrook Consolidated School,White,16,100
Columbia School District,Horace W. Porter School,Hispanic Or Latino,1,1.8
,,White,55,98.2
Common Ground High School District,Common Ground High School,Black Or African American,1,5.3
,,White,18,94.7
Connecticut Technical Education and Career System,A. I. Prince Technical High School,Black Or African American,15,15.6
,,Hispanic Or Latino,5,5.2
,,White,75,78.1
,,Asian,1,1
,Bristol Technical Education Center,Hispanic Or Latino,1,6.3
,,White,15,93.8
,Bullard-Havens Technical High School,Black Or African American,5,5.3
,,Hispanic Or Latino,8,8.4
,,White,80,84.2
,,Asian,2,2.1
,E. C. Goodwin Technical High School,Black Or African American,6,7.8
,,Hispanic Or Latino,4,5.2
,,White,66,85.7
,,Asian,1,1.3
,Eli Whitney Technical High School,Black Or African American,12,17.1
,,Hispanic Or Latino,12,17.1
,,White,45,64.3
,,Asian,1,1.4
,Ella T. Grasso Technical High School,Black Or African American,1,1.4
,,Hispanic Or Latino,4,5.4
,,White,66,89.2
,,Asian,2,2.7
,,American Indian Or Alaska Native,1,1.4
,Emmett O'Brien Technical High School,Black Or African American,2,3.3
,,White,58,96.7
,H. C. Wilcox Technical High School,Black Or African American,4,4.9
,,Hispanic Or Latino,7,8.6
,,White,70,86.4
,H. H. Ellis Technical High School,Hispanic Or Latino,3,4.9
,,White,57,93.4
,,Asian,1,1.6
,Henry Abbott Technical High School,Black Or African American,2,2.7
,,Hispanic Or Latino,1,1.4
,,White,70,95.9
,Howell Cheney Technical High School,Black Or African American,1,1.4
,,Hispanic Or Latino,8,11.3
,,White,62,87.3
,Norwich Technical High School,Black Or African American,1,1.5
,,Hispanic Or Latino,2,3
,,White,63,94
,,Asian,1,1.5
,Oliver Wolcott Technical High School,Black Or African American,3,3.8
,,White,75,94.9
,,Asian,1,1.3
,Platt Technical High School,Black Or African American,2,2.5
,,Hispanic Or Latino,2,2.5
,,White,76,95
,Vinal Technical High School,Hispanic Or Latino,2,2.9
,,White,67,97.1
,W. F. Kaynor Technical High School,Black Or African American,6,7.7
,,Hispanic Or Latino,5,6.4
,,White,67,85.9
,Windham Technical High School,Hispanic Or Latino,1,1.5
,,White,64,95.5
,,Asian,1,1.5
,,American Indian Or Alaska Native,1,1.5
Cooperative Educational Services,C. E. S. Special Education,Black Or African American,1,1
,,Hispanic Or Latino,3,3
,,White,96,96
,Regional Center for the Arts - Part Time,White,1,100
,Six-Six Magnet School,Black Or African American,3,6.1
,,Hispanic Or Latino,4,8.2
,,White,41,83.7
,,Asian,1,2
Cornwall School District,Cornwall Consolidated School,White,21,100
Coventry School District,Capt. Nathan Hale School,Black Or African American,1,1.9
,,Hispanic Or Latino,1,1.9
,,White,52,96.3
,Coventry Early Intervention Services,White,4,100
,Coventry Grammar School,Hispanic Or Latino,1,3.3
,,White,29,96.7
,Coventry High School,Black Or African American,1,1.8
,,White,54,98.2
,George Hersey Robertson School,White,36,100
Cromwell School District,Cromwell High School,White,58,98.3
,,Asian,1,1.7
,Cromwell Middle School,Black Or African American,1,1.9
,,Hispanic Or Latino,1,1.9
,,White,51,96.2
,Edna C. Stevens School,Black Or African American,1,2.5
,,White,38,95
,,Asian,1,2.5
,Woodside Intermediate School,Black Or African American,1,2.4
,,Hispanic Or Latino,1,2.4
,,White,39,92.9
,,Asian,1,2.4
Danbury School District,Alternative Center For Excellence,Black Or African American,1,9.1
,,White,10,90.9
,Broadview Middle School,Black Or African American,3,3.3
,,Hispanic Or Latino,2,2.2
,,White,85,93.4
,,Asian,1,1.1
,Danbury High School,Black Or African American,7,3.3
,,Hispanic Or Latino,7,3.3
,,White,194,90.7
,,Asian,5,2.3
,,American Indian Or Alaska Native,1,0.5
,Ellsworth Avenue School,Hispanic Or Latino,1,2.8
,,White,35,97.2
,Great Plain School,Black Or African American,4,11.8
,,Hispanic Or Latino,3,8.8
,,White,27,79.4
,Hayestown Avenue School,Hispanic Or Latino,2,5.4
,,White,34,91.9
,,Asian,1,2.7
,King Street Intermediate School,Black Or African American,3,8.6
,,White,32,91.4
,King Street Primary School,Black Or African American,2,5.6
,,Hispanic Or Latino,3,8.3
,,White,30,83.3
,,Asian,1,2.8
,Mill Ridge Educational Center,Black Or African American,1,6.7
,,White,14,93.3
,Mill Ridge Primary School,White,34,100
,Morris Street School,Hispanic Or Latino,1,3
,,White,31,93.9
,,Asian,1,3
,Park Avenue School,Black Or African American,1,2.9
,,Hispanic Or Latino,2,5.7
,,White,31,88.6
,,Asian,1,2.9
,Pembroke School,Black Or African American,3,7.7
,,Hispanic Or Latino,2,5.1
,,White,33,84.6
,,Asian,1,2.6
,Rogers Park Middle School,Black Or African American,5,5.1
,,Hispanic Or Latino,10,10.1
,,White,83,83.8
,,Asian,1,1
,Shelter Rock School,Black Or African American,7,20.6
,,Hispanic Or Latino,2,5.9
,,White,25,73.5
,South Street School,Black Or African American,1,2.6
,,Hispanic Or Latino,1,2.6
,,White,35,92.1
,,Asian,1,2.6
,Stadley Rough School,Black Or African American,1,2.6
,,Hispanic Or Latino,2,5.1
,,White,36,92.3
,Western CT Academy of International Studies Elementary Magnet School,Hispanic Or Latino,3,9.1
,,White,29,87.9
,,Asian,1,3
Darien School District,Darien High School,Black Or African American,1,0.7
,,Hispanic Or Latino,5,3.5
,,White,135,95.1
,,Asian,1,0.7
,Hindley Elementary School,White,52,100
,Holmes Elementary School,Hispanic Or Latino,1,2.1
,,White,45,95.7
,,Asian,1,2.1
,Middlesex Middle School,Hispanic Or Latino,2,1.5
,,White,132,98.5
,Ox Ridge Elementary School,Hispanic Or Latino,2,3.8
,,White,49,94.2
,,Asian,1,1.9
,Royle Elementary School,Hispanic Or Latino,1,2.2
,,White,44,97.8
,Tokeneke Elementary School,Hispanic Or Latino,1,2.1
,,White,46,97.9
Deep River School District,Deep River Elementary School,Hispanic Or Latino,1,2.6
,,White,38,97.4
Derby School District,Bradley School,Hispanic Or Latino,1,3
,,White,32,97
,Derby High School,Black Or African American,1,2.6
,,Hispanic Or Latino,3,7.9
,,White,33,86.8
,,American Indian Or Alaska Native,1,2.6
,Derby Middle School,Hispanic Or Latino,1,3.8
,,White,25,96.2
,Irving School,Hispanic Or Latino,1,2.9
,,White,34,97.1
East Granby School District,Allgrove School,White,23,100
,East Granby High School,Black Or African American,1,2.5
,,White,39,97.5
,East Granby Middle School,White,33,100
,R. Dudley Seymour School,White,18,100
East Haddam School District,East Haddam Elementary School,White,35,100
,Nathan Hale-Ray High School,White,42,100
,Nathan Hale-Ray Middle School,White,54,100
East Hampton School District,Center School,White,26,100
,East Hampton High School,Hispanic Or Latino,1,2
,,White,50,98
,East Hampton Middle School,Hispanic Or Latino,2,4.2
,,White,45,93.8
,,American Indian Or Alaska Native,1,2.1
,Memorial School,White,52,100
,The Learning Center at East Hampton,White,2,100
East Hartford School District,Anna E. Norris School,Black Or African American,2,6.7
,,Hispanic Or Latino,1,3.3
,,White,27,90
,Connecticut IB Academy,Black Or African American,2,11.1
,,White,14,77.8
,,Asian,2,11.1
,Dr. Franklin H. Mayberry School,Black Or African American,2,5.6
,,Hispanic Or Latino,6,16.7
,,White,28,77.8
,Dr. John A. Langford School,Black Or African American,1,2.9
,,White,32,94.1
,,Asian,1,2.9
,Dr. Thomas S. O'Connell School,Black Or African American,2,5.9
,,Hispanic Or Latino,1,2.9
,,White,31,91.2
,East Hartford High School,Black Or African American,9,5.5
,,Hispanic Or Latino,10,6.1
,,White,141,86
,,Asian,4,2.4
,East Hartford Middle School,Black Or African American,3,2.8
,,Hispanic Or Latino,7,6.6
,,White,95,89.6
,,Asian,1,0.9
,Governor William Pitkin School,Black Or African American,5,14.3
,,White,29,82.9
,,Asian,1,2.9
,Hockanum School,Black Or African American,3,9.4
,,Hispanic Or Latino,2,6.3
,,White,27,84.4
,Joseph O. Goodwin School,Hispanic Or Latino,1,2.9
,,White,34,97.1
,Robert J. O'Brien School,Black Or African American,2,5.4
,,Hispanic Or Latino,1,2.7
,,White,33,89.2
,,Asian,1,2.7
,Silver Lane School,Black Or African American,1,3.2
,,Hispanic Or Latino,1,3.2
,,White,29,93.5
,Stevens Alternate High School,White,13,100
,Sunset Ridge Middle School,Hispanic Or Latino,1,2.6
,,White,35,92.1
,,Asian,2,5.3
,Willowbrook Early Childhood,Black Or African American,1,3.7
,,White,26,96.3
,Woodland School,Hispanic Or Latino,1,3.1
,,White,31,96.9
East Haven School District,Carbone School/East Haven Academy,White,23,100
,D. C. Moore School,White,23,100
,Deer Run School,White,28,100
,Dominick H. Ferrara School,White,22,100
,East Haven High School,Hispanic Or Latino,3,3.4
,,White,84,96.6
,Grove J. Tuttle School,Hispanic Or Latino,1,4.5
,,White,21,95.5
,Joseph Melillo Middle School,White,60,100
,Momauguin School,White,24,100
,Overbrook Early Learning Center,White,25,100
East Lyme School District,East Lyme High School,White,116,99.1
,,Asian,1,0.9
,East Lyme Middle School,White,82,97.6
,,Asian,2,2.4
,Flanders School,White,29,100
,Integrated Preschool,White,4,100
,Lillie B. Haynes School,White,33,100
,Niantic Center School,White,24,100
East Windsor School District,Broad Brook Elementary School,White,42,100
,East Windsor High School,Black Or African American,1,2.4
,,White,41,97.6
,East Windsor Middle School,White,38,100
Eastern Connecticut Regional Educational Service Center (EASTCONN),Arts at the Capitol Theater,White,3,100
,Arts at the Capitol Theater Magnet School (ACT),White,13,100
,EastConn Special Education,White,33,94.3
,,Asian,1,2.9
,,American Indian Or Alaska Native,1,2.9
,Quinebaug Middle College,Hispanic Or Latino,1,7.1
,,White,13,92.9
Eastford School District,Eastford Elementary School,White,21,100
Easton School District,Helen Keller Middle School,Hispanic Or Latino,1,2.4
,,White,40,97.6
,Samuel Staples Elementary School,White,60,100
EdAdvance,EdAdvance Headstart,White,1,100
,The ACCESS School at The Danuta M. Thibodeau Education Center,White,10,100
Ellington School District,Center School,Hispanic Or Latino,1,2.6
,,White,38,97.4
,Crystal Lake School,White,24,100
,Ellington High School,Black Or African American,1,1.3
,,Hispanic Or Latino,2,2.6
,,White,72,94.7
,,Asian,1,1.3
,Ellington Middle School,White,42,100
,Windermere Intermediate School,White,37,97.4
,,Asian,1,2.6
,Windermere School,White,39,97.5
,,Asian,1,2.5
Elm City College Preparatory School District,Elm City College Preparatory School,Black Or African American,3,6.4
,,Hispanic Or Latino,1,2.1
,,White,38,80.9
,,Asian,5,10.6
Enfield School District,Edgar H. Parkman School,White,31,100
,Eli Whitney School,White,36,94.7
,,Asian,2,5.3
,Enfield High School,Black Or African American,2,2.4
,,Hispanic Or Latino,1,1.2
,,White,79,96.3
,Enfield Street School,Hispanic Or Latino,1,3.1
,,White,31,96.9
,Enfield Transitional Learning Academy,White,2,100
,Enrico Fermi High School,Black Or African American,1,1
,,Hispanic Or Latino,3,3
,,White,97,96
,Harriet Beecher Stowe School,White,32,100
,Hazardville Memorial School,Black Or African American,1,3.2
,,White,30,96.8
,Head Start Program,White,10,100
,Henry Barnard School,White,41,100
,John F. Kennedy Middle School,Black Or African American,1,1.2
,,White,85,98.8
,Nathan Hale School,White,28,96.6
,,Asian,1,3.4
,Prudence Crandall School,White,30,96.8
,,Asian,1,3.2
,Thomas G. Alcorn School,White,30,100
Essex School District,Essex Elementary School,Hispanic Or Latino,1,1.6
,,White,60,98.4
Explorations District,Explorations,Black Or African American,1,11.1
,,White,8,88.9
Fairfield School District,Burr Elementary School,White,39,97.5
,,Asian,1,2.5
,Dwight Elementary School,Hispanic Or Latino,1,2.6
,,White,37,97.4
,Early Childhood Center,White,18,100
,Fairfield Ludlowe High School,Black Or African American,2,1.3
,,Hispanic Or Latino,4,2.6
,,White,148,94.9
,,Asian,2,1.3
,Fairfield Warde High School,Hispanic Or Latino,5,3.4
,,White,139,94.6
,,Asian,3,2
,Fairfield Woods Middle School,Hispanic Or Latino,2,2.7
,,White,72,97.3
,Holland Hill School,Hispanic Or Latino,1,2.7
,,White,36,97.3
,Jennings School,Black Or African American,1,2.4
,,Hispanic Or Latino,1,2.4
,,White,39,95.1
,McKinley School,White,55,100
,Mill Hill School,Black Or African American,2,4.4
,,Hispanic Or Latino,1,2.2
,,White,42,93.3
,North Stratfield School,Hispanic Or Latino,1,2.2
,,White,45,97.8
,Osborn Hill School,Black Or African American,2,3.8
,,Hispanic Or Latino,1,1.9
,,White,50,94.3
,Riverfield School,Hispanic Or Latino,1,2.3
,,White,43,97.7
,Roger Ludlowe Middle School,Hispanic Or Latino,1,1
,,White,103,99
,Sherman School,White,40,100
,Stratfield School,White,46,97.9
,,Asian,1,2.1
,Tomlinson Middle School,Black Or African American,1,1.2
,,Hispanic Or Latino,1,1.2
,,White,79,96.3
,,Asian,1,1.2
Farmington School District,East Farms School,Black Or African American,1,2.5
,,Hispanic Or Latino,2,5
,,White,37,92.5
,Farmington Collaborative PK,White,4,100
,Farmington High School,Black Or African American,1,0.8
,,Hispanic Or Latino,3,2.4
,,White,117,95.1
,,Asian,1,0.8
,,American Indian Or Alaska Native,1,0.8
,Irving A. Robbins Middle School,Black Or African American,2,3.1
,,Hispanic Or Latino,1,1.6
,,White,61,95.3
,Noah Wallace School,Black Or African American,1,3.1
,,White,30,93.8
,,Asian,1,3.1
,Union School,Black Or African American,1,3.3
,,White,29,96.7
,West District School,White,34,97.1
,,Asian,1,2.9
,West Woods Upper Elementary School,Hispanic Or Latino,2,3.2
,,White,60,95.2
,,Asian,1,1.6
Franklin School District,Franklin Elementary School,White,23,100
Glastonbury School District,Buttonball Lane School,White,58,100
,Eastbury School,Black Or African American,1,2.6
,,Hispanic Or Latino,1,2.6
,,White,37,94.9
,Gideon Welles School,Hispanic Or Latino,1,1.8
,,White,55,98.2
,Glastonbury High School,Black Or African American,1,0.5
,,Hispanic Or Latino,2,1.1
,,White,180,96.3
,,Asian,3,1.6
,,American Indian Or Alaska Native,1,0.5
,Hebron Avenue School,Black Or African American,2,3.4
,,White,57,96.6
,Hopewell School,White,50,100
,Naubuc School,Black Or African American,2,3.5
,,Hispanic Or Latino,1,1.8
,,White,52,91.2
,,Asian,2,3.5
,Nayaug Elementary School,Black Or African American,1,1.5
,,Hispanic Or Latino,1,1.5
,,White,65,97
,Smith Middle School,Hispanic Or Latino,2,1.9
,,White,103,98.1
Granby School District,Frank M. Kearns Primary School,White,39,100
,Granby Memorial High School,Hispanic Or Latino,2,2.8
,,White,69,95.8
,,Asian,1,1.4
,Granby Memorial Middle School,White,35,100
,Kelly Lane Primary School,White,32,100
,Wells Road Intermediate School,White,30,100
Greenwich School District,Central Middle School,Black Or African American,1,1.5
,,Hispanic Or Latino,2,3
,,White,63,95.5
,Cos Cob School,Hispanic Or Latino,1,2.4
,,White,41,97.6
,Eastern Middle School,Black Or African American,3,3.9
,,Hispanic Or Latino,2,2.6
,,White,69,90.8
,,Asian,1,1.3
,,American Indian Or Alaska Native,1,1.3
,Glenville School,Hispanic Or Latino,2,5
,,White,38,95
,Greenwich High School,Black Or African American,7,2.5
,,Hispanic Or Latino,13,4.6
,,White,252,90
,,Asian,8,2.9
,Hamilton Avenue School,Black Or African American,5,9.1
,,Hispanic Or Latino,5,9.1
,,White,44,80
,,Asian,1,1.8
,International School At Dundee,Hispanic Or Latino,2,5.1
,,White,35,89.7
,,Asian,2,5.1
,Julian Curtiss School,Black Or African American,1,2.2
,,Hispanic Or Latino,1,2.2
,,White,43,95.6
,New Lebanon School,Black Or African American,1,2.7
,,Hispanic Or Latino,5,13.5
,,White,30,81.1
,,Asian,1,2.7
,North Mianus School,Black Or African American,2,3.9
,,Hispanic Or Latino,2,3.9
,,White,46,90.2
,,Asian,1,2
,North Street School,Black Or African American,1,2.2
,,White,45,97.8
,Old Greenwich School,Hispanic Or Latino,1,2.3
,,White,40,93
,,Asian,2,4.7
,Parkway School,Hispanic Or Latino,1,2.9
,,White,34,97.1
,Riverside School,Black Or African American,2,4.1
,,Hispanic Or Latino,1,2
,,White,46,93.9
,Western Middle School,Black Or African American,3,5.3
,,Hispanic Or Latino,2,3.5
,,White,51,89.5
,,Asian,1,1.8
Griswold School District,Griswold Elementary School,Hispanic Or Latino,1,1.4
,,White,68,98.6
,Griswold High School,Hispanic Or Latino,1,1.5
,,White,66,98.5
,Griswold Middle School,White,45,97.8
,,Asian,1,2.2
Groton School District,Carl C. Cutler Middle School,White,45,97.8
,,Asian,1,2.2
,Catherine Kolnaski Magnet School,Black Or African American,3,6.4
,,Hispanic Or Latino,1,2.1
,,White,43,91.5
,Charles Barnum School,White,40,100
,Claude Chester School,Black Or African American,2,5.1
,,Hispanic Or Latino,1,2.6
,,White,35,89.7
,,Asian,1,2.6
,Fitch Middle School,Black Or African American,2,3.6
,,Hispanic Or Latino,3,5.4
,,White,50,89.3
,,Asian,1,1.8
,Mary Morrisson School,Black Or African American,2,5.1
,,Hispanic Or Latino,1,2.6
,,White,35,89.7
,,Asian,1,2.6
,Northeast Academy Elementary School,White,34,97.1
,,Asian,1,2.9
,Pleasant Valley School,Hispanic Or Latino,1,2.8
,,White,34,94.4
,,Asian,1,2.8
,Robert E. Fitch High School,Black Or African American,3,2.5
,,Hispanic Or Latino,4,3.3
,,White,109,90.1
,,Asian,3,2.5
,,American Indian Or Alaska Native,2,1.7
,S. B. Butler School,White,34,100
,West Side Middle School,Black Or African American,2,5.3
,,Hispanic Or Latino,2,5.3
,,White,33,86.8
,,Asian,1,2.6
Guilford School District,A. Baldwin Middle School,Black Or African American,1,1.8
,,Hispanic Or Latino,1,1.8
,,White,55,96.5
,A. W. Cox School,Black Or African American,1,2.9
,,White,32,94.1
,,Asian,1,2.9
,Calvin Leete School,White,32,100
,E. C. Adams Middle School,Hispanic Or Latino,1,1.6
,,White,63,98.4
,Guilford High School,White,101,99
,,Asian,1,1
,Guilford Lakes School,Hispanic Or Latino,1,2.6
,,White,38,97.4
,Melissa Jones School,White,33,100
Hamden School District,Alice Peck Learning Center,White,13,100
,Bear Path School,Black Or African American,1,2.3
,,Hispanic Or Latino,2,4.5
,,White,41,93.2
,Church Street School,Black Or African American,5,13.5
,,White,32,86.5
,Dunbar Hill School,Black Or African American,1,3.2
,,White,29,93.5
,,Asian,1,3.2
,Hamden High School,Black Or African American,8,4.4
,,Hispanic Or Latino,6,3.3
,,White,167,91.3
,,Asian,2,1.1
,Hamden Middle School,Black Or African American,9,9.1
,,Hispanic Or Latino,4,4
,,White,85,85.9
,,Asian,1,1
,Helen Street School,Black Or African American,3,10
,,Hispanic Or Latino,1,3.3
,,White,26,86.7
,Ridge Hill School,Black Or African American,5,13.9
,,Hispanic Or Latino,2,5.6
,,White,29,80.6
,Shepherd Glen School,Black Or African American,1,3.2
,,White,30,96.8
,Spring Glen School,Black Or African American,2,6.1
,,White,30,90.9
,,Asian,1,3
,West Woods School,Hispanic Or Latino,1,2.2
,,White,44,97.8
Hampton School District,Hampton Elementary School,White,18,94.7
,,American Indian Or Alaska Native,1,5.3
Hartford School District,Asian Studies Academy at Bellizzi School,Black Or African American,7,14
,,Hispanic Or Latino,4,8
,,White,35,70
,,Asian,4,8
,Batchelder School,Black Or African American,4,9.5
,,White,37,88.1
,,American Indian Or Alaska Native,1,2.4
,Betances Early Reading Lab Magnet School,Black Or African American,7,20.6
,,Hispanic Or Latino,6,17.6
,,White,21,61.8
,Breakthrough Magnet School North,Black Or African American,1,7.1
,,White,13,92.9
,Breakthrough Magnet School South,Black Or African American,2,6.9
,,Hispanic Or Latino,3,10.3
,,White,24,82.8
,Bulkeley High School,Black Or African American,4,16.7
,,Hispanic Or Latino,4,16.7
,,White,16,66.7
,Bulkeley High School Lower School,Black Or African American,6,7.8
,,Hispanic Or Latino,14,18.2
,,White,55,71.4
,,Asian,1,1.3
,,American Indian Or Alaska Native,1,1.3
,Burns Latino Studies Academy,Black Or African American,4,7.8
,,Hispanic Or Latino,18,35.3
,,White,27,52.9
,,Asian,2,3.9
,Burr School,Black Or African American,5,8.5
,,Hispanic Or Latino,7,11.9
,,White,47,79.7
,Capital Preparatory Magnet School,Black Or African American,13,50
,,Hispanic Or Latino,1,3.8
,,White,11,42.3
,,American Indian Or Alaska Native,1,3.8
,Clark School,Black Or African American,13,33.3
,,Hispanic Or Latino,1,2.6
,,White,25,64.1
,Classical Magnet School,Black Or African American,4,6.6
,,Hispanic Or Latino,4,6.6
,,White,51,83.6
,,Asian,2,3.3
,Culinary Arts Academy at Weaver High School,Black Or African American,6,21.4
,,Hispanic Or Latino,2,7.1
,,White,20,71.4
,Dr. Joseph Bellizzi Middle School,Black Or African American,3,15
,,Hispanic Or Latino,1,5
,,White,15,75
,,Asian,1,5
,Environmental Sciences Magnet at Hooker School,Black Or African American,4,12.5
,,Hispanic Or Latino,8,25
,,White,20,62.5
,Expeditionary Learning Academy at Moylan School,Black Or African American,2,3.6
,,Hispanic Or Latino,15,26.8
,,White,37,66.1
,,Asian,1,1.8
,,American Indian Or Alaska Native,1,1.8
,Global Communications Academy,Black Or African American,6,15.8
,,Hispanic Or Latino,2,5.3
,,White,30,78.9
,HPHS Engineering and Green Technology Academy,Black Or African American,4,11.1
,,Hispanic Or Latino,6,16.7
,,White,26,72.2
,HPHS Freshmen Academy,Black Or African American,3,9.4
,,Hispanic Or Latino,8,25
,,White,21,65.6
,HPHS Law and Government Academy,Black Or African American,3,8.8
,,Hispanic Or Latino,3,8.8
,,White,26,76.5
,,Asian,2,5.9
,HPHS Nursing and Health Sciences Academy,Black Or African American,4,12.1
,,Hispanic Or Latino,2,6.1
,,White,27,81.8
,Hartford Magnet Trinity College Academy,Black Or African American,6,9.7
,,Hispanic Or Latino,7,11.3
,,White,49,79
,Hartford Transitional Learning Academy (Elementary),Black Or African American,1,12.5
,,Hispanic Or Latino,2,25
,,White,5,62.5
,Hartford Transitional Learning Academy (Secondary),Black Or African American,2,66.7
,,White,1,33.3
,High School Inc.,Black Or African American,11,42.3
,,Hispanic Or Latino,2,7.7
,,White,12,46.2
,,Asian,1,3.8
,Journalism and Media Academy,Black Or African American,2,8.7
,,Hispanic Or Latino,1,4.3
,,White,20,87
,Kennelly School,Black Or African American,5,8.8
,,Hispanic Or Latino,4,7
,,White,48,84.2
,Kinsella Magnet School of Performing Arts,Black Or African American,1,1.6
,,Hispanic Or Latino,5,8.2
,,White,55,90.2
,M. D. Fox School,Black Or African American,4,6.2
,,Hispanic Or Latino,18,27.7
,,White,43,66.2
,M. L. King Jr. Middle School,Black Or African American,16,37.2
,,Hispanic Or Latino,1,2.3
,,White,26,60.5
,McDonough Middle School,Black Or African American,3,8.3
,,Hispanic Or Latino,2,5.6
,,White,31,86.1
,Milner School,Black Or African American,8,23.5
,,Hispanic Or Latino,4,11.8
,,White,21,61.8
,,Asian,1,2.9
,Montessori Magnet at Fisher School,Black Or African American,3,17.6
,,Hispanic Or Latino,1,5.9
,,White,13,76.5
,Naylor/CCSU Leadership Academy,Black Or African American,4,7.8
,,Hispanic Or Latino,3,5.9
,,White,44,86.3
,OPPortunity High School,Black Or African American,3,17.6
,,Hispanic Or Latino,4,23.5
,,White,9,52.9
,,American Indian Or Alaska Native,1,5.9
,Parkville Community School,Black Or African American,2,4.5
,,Hispanic Or Latino,10,22.7
,,White,31,70.5
,,Asian,1,2.3
,Pathways Academy of Technology and Design,Black Or African American,3,8.3
,,Hispanic Or Latino,7,19.4
,,White,26,72.2
,Rawson School,Black Or African American,12,30
,,Hispanic Or Latino,2,5
,,White,24,60
,,American Indian Or Alaska Native,2,5
,SAND School,Black Or African American,11,29.7
,,Hispanic Or Latino,4,10.8
,,White,21,56.8
,,Asian,1,2.7
,STEM Magnet at Fisher School,Black Or African American,9,26.5
,,Hispanic Or Latino,1,2.9
,,White,24,70.6
,Sanchez School,Black Or African American,2,5
,,Hispanic Or Latino,14,35
,,White,23,57.5
,,Asian,1,2.5
,Sarah J Rawson Middle Grades Academy,Black Or African American,10,52.6
,,Hispanic Or Latino,1,5.3
,,White,8,42.1
,Simpson-Waverly School,Black Or African American,16,39
,,Hispanic Or Latino,1,2.4
,,White,23,56.1
,,American Indian Or Alaska Native,1,2.4
,Sport and Medical Sciences Academy,Black Or African American,2,3.4
,,Hispanic Or Latino,8,13.6
,,White,47,79.7
,,Asian,2,3.4
,University High School of Science and Engineering,Black Or African American,4,12.5
,,Hispanic Or Latino,1,3.1
,,White,25,78.1
,,Asian,2,6.3
,Weaver High School,Black Or African American,8,44.4
,,Hispanic Or Latino,1,5.6
,,White,9,50
,Webster Micro Society Magnet School,Black Or African American,5,9.1
,,Hispanic Or Latino,1,1.8
,,White,49,89.1
,West Middle School,Black Or African American,3,5.4
,,Hispanic Or Latino,4,7.1
,,White,48,85.7
,,Asian,1,1.8
,Wish Museum School,Black Or African American,8,18.6
,,Hispanic Or Latino,8,18.6
,,White,27,62.8
Hartland School District,Hartland School,White,27,100
Hebron School District,Gilead Hill School,White,39,100
,Hebron Elementary School,Black Or African American,1,1.9
,,Hispanic Or Latino,1,1.9
,,White,50,92.6
,,Asian,2,3.7
Highville Charter School District,Highville Charter School,Black Or African American,2,9.1
,,White,20,90.9
Integrated Day Charter School District,Integrated Day Charter School,Hispanic Or Latino,1,4.3
,,White,22,95.7
Interdistrict School for Arts and Comm District,Interdistrict School For Arts And Communication,Black Or African American,1,4.3
,,White,22,95.7
Jumoke Academy District,Jumoke Academy,Black Or African American,12,38.7
,,Hispanic Or Latino,1,3.2
,,White,15,48.4
,,Asian,3,9.7
Kent School District,Kent Center School,Hispanic Or Latino,1,2.9
,,White,33,97.1
Killingly School District,Goodyear Early Childhood Center,White,13,100
,Killingly Central School,White,39,97.5
,,Asian,1,2.5
,Killingly High School,White,82,98.8
,,Asian,1,1.2
,Killingly Intermediate School,White,75,98.7
,,Asian,1,1.3
,Killingly Memorial School,White,41,100
Learn,Connecticut River Academy,White,13,100
,Dual Language & Arts Magnet Middle School,Hispanic Or Latino,2,28.6
,,White,5,71.4
,Learn Special Education,Black Or African American,1,3.7
,,White,26,96.3
,Regional Multicultural Magnet School,Black Or African American,1,2.3
,,Hispanic Or Latino,3,7
,,White,39,90.7
,The Friendship School,Hispanic Or Latino,1,2.3
,,White,43,97.7
Lebanon School District,Lebanon Elementary School,White,40,100
,Lebanon Middle School,Hispanic Or Latino,1,2.4
,,White,39,95.1
,,Asian,1,2.4
,Lyman Memorial High School,Hispanic Or Latino,2,3.6
,,White,51,92.7
,,Asian,1,1.8
,,American Indian Or Alaska Native,1,1.8
Ledyard School District,Gales Ferry School,White,28,100
,Gallup Hill School,White,36,97.3
,,Asian,1,2.7
,Juliet W. Long School,Hispanic Or Latino,1,3.1
,,White,31,96.9
,Ledyard Center School,White,38,100
,Ledyard High School,Hispanic Or Latino,1,1.1
,,White,84,96.6
,,Asian,2,2.3
,Ledyard Middle School,Black Or African American,1,2.6
,,White,38,97.4
Lisbon School District,Community Connection - The Big Picture High School,White,4,100
,Lisbon Central School,White,50,100
Litchfield School District,Center School,White,34,100
,Litchfield High School,Hispanic Or Latino,1,1.7
,,White,57,96.6
,,Asian,1,1.7
,Litchfield Intermediate School,White,26,100
Madison School District,Daniel Hand High School,Hispanic Or Latino,1,0.8
,,White,120,97.6
,,Asian,2,1.6
,Dr. Robert H. Brown Middle School,White,67,100
,Island Avenue Elementary School,White,29,100
,J. Milton Jeffrey Elementary School,White,46,100
,Kathleen H. Ryerson Elementary School,White,32,100
,Town Campus Learning Center,White,5,100
,Walter C. Polson Upper Middle School,Black Or African American,1,1.5
,,Hispanic Or Latino,1,1.5
,,White,64,95.5
,,Asian,1,1.5
Manchester School District,Nathan Hale School,White,23,95.8
,,American Indian Or Alaska Native,1,4.2
,Bowers School,Black Or African American,1,2.8
,,White,34,94.4
,,Asian,1,2.8
,Buckley School,Black Or African American,1,2.9
,,White,33,94.3
,,American Indian Or Alaska Native,1,2.9
,Elisabeth M. Bennet Academy,Black Or African American,1,2.1
,,Hispanic Or Latino,1,2.1
,,White,46,95.8
,Highland Park School,White,24,100
,Illing Middle School,Black Or African American,7,8.2
,,Hispanic Or Latino,4,4.7
,,White,73,85.9
,,Asian,1,1.2
,Keeney School,Black Or African American,1,2.9
,,White,34,97.1
,Manchester High School,Black Or African American,9,4.7
,,Hispanic Or Latino,6,3.1
,,White,174,90.2
,,Asian,2,1
,,American Indian Or Alaska Native,2,1
,Manchester Preschool Center,White,17,94.4
,,American Indian Or Alaska Native,1,5.6
,Manchester Regional Academy,Black Or African American,1,4.5
,,White,21,95.5
,Martin School,White,28,100
,Robertson School,Black Or African American,2,5.6
,,Hispanic Or Latino,2,5.6
,,White,31,86.1
,,Asian,1,2.8
,Verplanck School,White,38,97.4
,,Asian,1,2.6
,Waddell School,Black Or African American,2,5.7
,,Hispanic Or Latino,1,2.9
,,White,32,91.4
,Washington School,Black Or African American,2,6.5
,,Hispanic Or Latino,2,6.5
,,White,27,87.1
Mansfield School District,Annie E. Vinton School,White,27,100
,Dorothy C. Goodwin School,White,26,100
,Mansfield Middle School,Black Or African American,2,3
,,Hispanic Or Latino,2,3
,,White,63,94
,Southeast Elementary School,White,28,96.6
,,American Indian Or Alaska Native,1,3.4
Marlborough School District,Elmer Thienes-Mary Hall Elementary School,White,54,98.2
,,Asian,1,1.8
Meriden School District,Thomas Hooker School,Hispanic Or Latino,8,19
,,White,34,81
,Nathan Hale School,Hispanic Or Latino,3,5.9
,,White,48,94.1
,Benjamin Franklin School,Black Or African American,1,2.1
,,Hispanic Or Latino,3,6.3
,,White,44,91.7
,Casimir Pulaski School,Black Or African American,2,3.6
,,Hispanic Or Latino,1,1.8
,,White,52,94.5
,Francis T. Maloney High School,Black Or African American,2,1.7
,,Hispanic Or Latino,11,9.4
,,White,101,86.3
,,Asian,2,1.7
,,American Indian Or Alaska Native,1,0.9
,Hanover School,Hispanic Or Latino,7,14.6
,,White,40,83.3
,,Asian,1,2.1
,Israel Putnam School,Black Or African American,1,2.2
,,Hispanic Or Latino,1,2.2
,,White,43,95.6
,John Barry School,Black Or African American,1,2.1
,,Hispanic Or Latino,3,6.4
,,White,43,91.5
,Lincoln Middle School,Hispanic Or Latino,8,10.4
,,White,68,88.3
,,Asian,1,1.3
,Orville H. Platt High School,Black Or African American,3,2.8
,,Hispanic Or Latino,6,5.6
,,White,96,88.9
,,Asian,2,1.9
,,American Indian Or Alaska Native,1,0.9
,Roger Sherman School,Hispanic Or Latino,3,6.4
,,White,44,93.6
,Washington Middle School,Black Or African American,2,2.1
,,Hispanic Or Latino,8,8.4
,,White,83,87.4
,,Asian,1,1.1
,,American Indian Or Alaska Native,1,1.1
Middletown School District,Bielefield School,Black Or African American,1,2.8
,,White,33,91.7
,,Asian,2,5.6
,Farm Hill School,White,36,100
,Keigwin Middle School,White,34,94.4
,,Asian,2,5.6
,Lawrence School,Black Or African American,2,6.3
,,Hispanic Or Latino,1,3.1
,,White,28,87.5
,,Asian,1,3.1
,MacDonough School,Black Or African American,1,3.6
,,Hispanic Or Latino,1,3.6
,,White,26,92.9
,Middletown High School,Black Or African American,3,2.5
,,Hispanic Or Latino,5,4.2
,,White,110,92.4
,,Asian,1,0.8
,Moody School,Hispanic Or Latino,1,3.2
,,White,29,93.5
,,Asian,1,3.2
,Snow School,Black Or African American,1,2.6
,,White,38,97.4
,Spencer School,Black Or African American,1,2.9
,,Hispanic Or Latino,1,2.9
,,White,30,88.2
,,Asian,2,5.9
,Wesley School,Hispanic Or Latino,1,3.4
,,White,28,96.6
,Woodrow Wilson Middle School,Black Or African American,5,7.4
,,Hispanic Or Latino,2,2.9
,,White,60,88.2
,,American Indian Or Alaska Native,1,1.5
Milford School District,Calf Pen Meadow School,White,35,100
,East Shore Middle School,White,61,100
,Harborside Middle School,Black Or African American,1,1.7
,,Hispanic Or Latino,1,1.7
,,White,58,96.7
,J. F. Kennedy School,White,39,100
,Jonathan Law High School,Black Or African American,1,1
,,Hispanic Or Latino,1,1
,,White,102,97.1
,,American Indian Or Alaska Native,1,1
,Joseph A. Foran High School,Black Or African American,1,1
,,Hispanic Or Latino,1,1
,,White,96,97
,,American Indian Or Alaska Native,1,1
,Live Oaks School,White,35,100
,Mathewson School,White,44,100
,Meadowside School,White,42,100
,Orange Avenue School,White,48,100
,Orchard Hills School,White,38,100
,Pumpkin Delight School,White,41,100
,The Academy,White,13,100
,West Shore Middle School,Black Or African American,1,1.6
,,Hispanic Or Latino,3,4.7
,,White,60,93.8
Monroe School District,Chalk Hill School,Hispanic Or Latino,1,4
,,White,24,96
,Fawn Hollow Elementary School,Hispanic Or Latino,1,2
,,White,48,96
,,Asian,1,2
,Jockey Hollow School,White,50,100
,Masuk High School,Hispanic Or Latino,1,0.9
,,White,109,99.1
,Monroe Elementary School,White,33,100
,Stepney Elementary School,White,38,100
Montville School District,Dr. Charles E. Murphy School,Black Or African American,2,5.4
,,White,35,94.6
,Leonard J. Tyl Middle School,Hispanic Or Latino,1,1.5
,,White,65,97
,,Asian,1,1.5
,Mohegan School,White,39,100
,Montville High School,Hispanic Or Latino,2,2.4
,,White,80,97.6
,Oakdale School,White,39,97.5
,,Asian,1,2.5
,Palmer Academy,White,6,100
Naugatuck School District,Andrew Avenue School,White,21,100
,Central Avenue Preschool,White,11,100
,Central Avenue School,White,22,100
,City Hill Middle School,Hispanic Or Latino,2,3.4
,,White,56,96.6
,Cross Street Intermediate School,White,28,100
,Hillside Intermediate School,Hispanic Or Latino,1,3.6
,,White,27,96.4
,Hop Brook Elementary School,White,26,100
,Maple Hill School,Hispanic Or Latino,1,3
,,White,32,97
,Naugatuck High School,Hispanic Or Latino,2,1.9
,,White,105,97.2
,,Asian,1,0.9
,Salem School,Black Or African American,1,4.3
,,White,22,95.7
,Western School,White,25,100
New Beginnings Inc Family Academy District,New Beginnings Inc Family Academy,Black Or African American,5,16.7
,,White,24,80
,,Asian,1,3.3
New Britain School District,Holmes Elementary School,Black Or African American,1,2.6
,,Hispanic Or Latino,6,15.8
,,White,31,81.6
,Chamberlain Elementary School,Black Or African American,1,2.3
,,Hispanic Or Latino,1,2.3
,,White,40,93
,,Asian,1,2.3
,DiLoreto Elementary & Middle School,Black Or African American,1,1.6
,,Hispanic Or Latino,25,39.7
,,White,37,58.7
,Gaffney Elementary School,Black Or African American,2,4.4
,,Hispanic Or Latino,1,2.2
,,White,42,93.3
,House of Arts Letters and Science (HALS) Academy,White,11,84.6
,,Asian,2,15.4
,Jefferson Elementary School,Black Or African American,1,3
,,Hispanic Or Latino,3,9.1
,,White,28,84.8
,,Asian,1,3
,Lincoln Elementary School,Hispanic Or Latino,13,28.9
,,White,31,68.9
,,Asian,1,2.2
,New Britain High School,Black Or African American,15,7.1
,,Hispanic Or Latino,23,10.8
,,White,171,80.7
,,Asian,3,1.4
,Northend Elementary School,Black Or African American,3,12
,,Hispanic Or Latino,1,4
,,White,21,84
,Pulaski Middle School,Black Or African American,3,4.7
,,Hispanic Or Latino,12,18.8
,,White,49,76.6
,Roosevelt Middle School,Black Or African American,7,15.2
,,Hispanic Or Latino,6,13
,,White,32,69.6
,,Asian,1,2.2
,Slade Middle School,Black Or African American,2,3.7
,,Hispanic Or Latino,3,5.6
,,White,48,88.9
,,Asian,1,1.9
,Smalley Elementary School,Black Or African American,3,5.6
,,Hispanic Or Latino,2,3.7
,,White,49,90.7
,Smith Elementary School,Black Or African American,3,5.7
,,Hispanic Or Latino,2,3.8
,,White,48,90.6
,Vance Elementary School,Black Or African American,1,2.6
,,Hispanic Or Latino,2,5.1
,,White,36,92.3
New Canaan School District,East School,White,58,98.3
,,American Indian Or Alaska Native,1,1.7
,New Canaan High School,Hispanic Or Latino,4,3.2
,,White,118,95.2
,,Asian,1,0.8
,,American Indian Or Alaska Native,1,0.8
,Saxe Middle School,Hispanic Or Latino,2,1.5
,,White,131,98.5
,South School,White,63,98.4
,,American Indian Or Alaska Native,1,1.6
,West School,Hispanic Or Latino,1,1.6
,,White,59,96.7
,,Asian,1,1.6
New Fairfield School District,Consolidated School,White,53,100
,Meeting House Hill School,Hispanic Or Latino,1,1.9
,,White,51,96.2
,,Asian,1,1.9
,New Fairfield High School,White,89,100
,New Fairfield Middle School,Hispanic Or Latino,2,2.9
,,White,66,97.1
New Hartford School District,Ann Antolini School,Hispanic Or Latino,1,3
,,White,32,97
,Bakerville Consolidated School,White,14,100
,Bridges I,White,2,100
,New Hartford Elementary School,White,17,100
New Haven School District,Edgewood School,Black Or African American,4,11.1
,,White,32,88.9
,Nathan Hale School,Black Or African American,2,4.7
,,White,40,93
,,American Indian Or Alaska Native,1,2.3
,ASPIRE,Black Or African American,2,15.4
,,Hispanic Or Latino,1,7.7
,,White,9,69.2
,,Asian,1,7.7
,Augusta Lewis Troup School,Black Or African American,8,15.4
,,Hispanic Or Latino,3,5.8
,,White,40,76.9
,,American Indian Or Alaska Native,1,1.9
,Barnard Environmental Magnet School,Black Or African American,7,13.5
,,White,45,86.5
,Beecher School,Black Or African American,12,26.7
,,Hispanic Or Latino,1,2.2
,,White,32,71.1
,Benjamin Jepson Magnet School,Black Or African American,3,6.4
,,Hispanic Or Latino,1,2.1
,,White,43,91.5
,Betsy Ross Arts Magnet School,Black Or African American,17,32.7
,,Hispanic Or Latino,1,1.9
,,White,31,59.6
,,Asian,3,5.8
,Bishop Woods Architecture and Design Magnet School,Black Or African American,1,2.8
,,Hispanic Or Latino,3,8.3
,,White,31,86.1
,,Asian,1,2.8
,Brennan Rogers School,Black Or African American,13,22.8
,,Hispanic Or Latino,1,1.8
,,White,43,75.4
,Celentano BioTech Health and Medical Magnet School,Black Or African American,13,30.2
,,White,30,69.8
,Clinton Avenue School,Black Or African American,3,6.4
,,Hispanic Or Latino,9,19.1
,,White,33,70.2
,,Asian,1,2.1
,,American Indian Or Alaska Native,1,2.1
,Columbus Family Academy,Black Or African American,2,5.1
,,Hispanic Or Latino,15,38.5
,,White,22,56.4
,Conte/West Hills Magnet School,Black Or African American,8,13.8
,,Hispanic Or Latino,2,3.4
,,White,46,79.3
,,Asian,2,3.4
,Cooperative High School - Inter-District Magnet,Black Or African American,11,17.2
,,Hispanic Or Latino,2,3.1
,,White,49,76.6
,,Asian,2,3.1
,Cortlandt V.R. Creed Health and Sport Sciences High School,Black Or African American,5,25
,,Hispanic Or Latino,1,5
,,White,13,65
,,Asian,1,5
,Davis 21st Century Magnet Elementary School,Black Or African American,9,23.1
,,Hispanic Or Latino,1,2.6
,,White,29,74.4
,Early Learning Center,Black Or African American,1,20
,,White,4,80
,East Rock Community Magnet School,Black Or African American,6,10.9
,,Hispanic Or Latino,1,1.8
,,White,48,87.3
,Engineering - Science University Magnet School,Black Or African American,9,33.3
,,White,18,66.7
,Fair Haven School,Black Or African American,6,8.1
,,Hispanic Or Latino,14,18.9
,,White,51,68.9
,,Asian,1,1.4
,,American Indian Or Alaska Native,2,2.7
,High School In The Community,Black Or African American,5,13.9
,,Hispanic Or Latino,4,11.1
,,White,27,75
,Hill Central Music Academy,Black Or African American,7,13.5
,,Hispanic Or Latino,8,15.4
,,White,37,71.2
,Hill Regional Career High School,Black Or African American,9,13.2
,,Hispanic Or Latino,7,10.3
,,White,51,75
,,Asian,1,1.5
,James Hillhouse High School,Black Or African American,41,37.6
,,Hispanic Or Latino,5,4.6
,,White,61,56
,,Asian,1,0.9
,,American Indian Or Alaska Native,1,0.9
,John C. Daniels,Black Or African American,3,5.8
,,Hispanic Or Latino,15,28.8
,,White,33,63.5
,,Asian,1,1.9
,John S. Martinez Sea and Sky STEM School,Black Or African American,4,7.8
,,Hispanic Or Latino,6,11.8
,,White,40,78.4
,,Asian,1,2
,King/Robinson Magnet School,Black Or African American,18,33.3
,,Hispanic Or Latino,3,5.6
,,White,32,59.3
,,Asian,1,1.9
,Lincoln-Bassett School,Black Or African American,13,35.1
,,Hispanic Or Latino,1,2.7
,,White,23,62.2
,Lulac,Black Or African American,2,15.4
,,Hispanic Or Latino,2,15.4
,,White,8,61.5
,,Asian,1,7.7
,Mauro-Sheridan Magnet School,Black Or African American,6,10.2
,,Hispanic Or Latino,4,6.8
,,White,48,81.4
,,Asian,1,1.7
,Metropolitan Business Academy,Black Or African American,4,10.5
,,Hispanic Or Latino,1,2.6
,,White,33,86.8
,New Haven Academy,Black Or African American,2,7.1
,,Hispanic Or Latino,2,7.1
,,White,23,82.1
,,Asian,1,3.6
,Polly T. McCabe Center,Black Or African American,3,30
,,White,7,70
,Riverside Education Academy,Black Or African American,6,26.1
,,Hispanic Or Latino,1,4.3
,,White,15,65.2
,,Asian,1,4.3
,Roberto Clemente Leadership Academy for Global Awareness,Black Or African American,17,34.7
,,Hispanic Or Latino,8,16.3
,,White,24,49
,Ross/Woodward School,Black Or African American,12,23.1
,,Hispanic Or Latino,3,5.8
,,White,37,71.2
,Sound School,Black Or African American,1,2
,,Hispanic Or Latino,4,7.8
,,White,46,90.2
,Strong 21st Century Communications Magnet and SCSU Lab School,Black Or African American,8,32
,,Hispanic Or Latino,4,16
,,White,13,52
,Truman School,Black Or African American,3,6.1
,,Hispanic Or Latino,12,24.5
,,White,32,65.3
,,Asian,1,2
,,American Indian Or Alaska Native,1,2
,West Rock Authors Academy,Black Or African American,2,7.4
,,Hispanic Or Latino,1,3.7
,,White,24,88.9
,Wexler/Grant Community School,Black Or African American,19,44.2
,,Hispanic Or Latino,2,4.7
,,White,21,48.8
,,Asian,1,2.3
,Wilbur Cross High School,Black Or African American,18,11.3
,,Hispanic Or Latino,11,6.9
,,White,126,79.2
,,Asian,4,2.5
,Worthington Hooker School,Black Or African American,1,2.6
,,Hispanic Or Latino,3,7.9
,,White,34,89.5
,Zigler PreK Center,Black Or African American,1,7.1
,,Hispanic Or Latino,2,14.3
,,White,11,78.6
New London School District,Bennie Dover Jackson Middle School,Black Or African American,10,15.4
,,Hispanic Or Latino,3,4.6
,,White,52,80
,C.B. Jennings Dual Language & International Elementary Magnet,Black Or African American,2,5.4
,,Hispanic Or Latino,14,37.8
,,White,20,54.1
,,Asian,1,2.7
,Harbor School,Black Or African American,1,3.6
,,White,27,96.4
,Nathan Hale Arts Magnet School,Black Or African American,1,3.7
,,Hispanic Or Latino,1,3.7
,,White,24,88.9
,,Asian,1,3.7
,New London High School,Black Or African American,2,2.2
,,Hispanic Or Latino,6,6.6
,,White,82,90.1
,,Asian,1,1.1
,Shoreline Academy,Black Or African American,1,14.3
,,White,6,85.7
,Winthrop STEM Elementary Magnet School,Black Or African American,4,14.3
,,Hispanic Or Latino,2,7.1
,,White,22,78.6
New Milford School District,Hill And Plain School,Hispanic Or Latino,1,2.6
,,White,38,97.4
,John Pettibone School,Hispanic Or Latino,1,2.5
,,White,39,97.5
,Litchfield Hills Transition Center,White,2,100
,New Milford High School,Black Or African American,1,0.8
,,Hispanic Or Latino,2,1.6
,,White,120,97.6
,Northville Elementary School,White,41,100
,Sarah Noble Intermediate School,White,84,98.8
,,American Indian Or Alaska Native,1,1.2
,Schaghticoke Middle School,Hispanic Or Latino,1,1.5
,,White,67,98.5
Newington School District,Anna Reynolds School,Black Or African American,1,2.3
,,White,43,97.7
,Elizabeth Green School,Black Or African American,1,2.9
,,Hispanic Or Latino,1,2.9
,,White,33,94.3
,John Paterson School,Black Or African American,1,2
,,Hispanic Or Latino,1,2
,,White,48,96
,John Wallace Middle School,White,69,98.6
,,Asian,1,1.4
,Martin Kellogg Middle School,Black Or African American,2,3.1
,,Hispanic Or Latino,1,1.6
,,White,61,95.3
,Newington High School,Black Or African American,1,0.8
,,Hispanic Or Latino,2,1.6
,,White,117,95.1
,,Asian,3,2.4
,Ruth Chaffee School,White,39,100
Newtown School District,Hawley Elementary School,White,35,100
,Head O'Meadow Elementary School,White,33,100
,Middle Gate Elementary School,White,44,100
,Newtown High School,Hispanic Or Latino,4,2.7
,,White,140,93.3
,,Asian,5,3.3
,,American Indian Or Alaska Native,1,0.7
,Newtown Middle School,Hispanic Or Latino,2,2.5
,,White,78,97.5
,Newtown Preschool,White,5,100
,Reed Intermediate School,Black Or African American,1,1.5
,,Hispanic Or Latino,1,1.5
,,White,65,97
,Sandy Hook Elementary School,Hispanic Or Latino,1,2
,,White,49,98
Norfolk School District,Botelle Elementary School,White,21,100
,Bridges II,White,2,100
,IEP Program,White,3,100
North Branford School District,Jerome Harrison School,White,38,100
,North Branford High School,White,74,100
,North Branford Intermediate School,Hispanic Or Latino,1,1.8
,,White,55,98.2
,Totoket Valley Elementary School,White,44,97.8
,,Asian,1,2.2
North Canaan School District,North Canaan Elementary School,White,37,100
North Haven School District,Clintonville Elementary School,White,35,97.2
,,Asian,1,2.8
,Green Acres Elementary School,White,38,100
,Montowese Elementary School,White,35,100
,North Haven High School,Black Or African American,3,2.8
,,Hispanic Or Latino,3,2.8
,,White,99,92.5
,,Asian,1,0.9
,,American Indian Or Alaska Native,1,0.9
,North Haven Middle School,Hispanic Or Latino,1,1.3
,,White,75,97.4
,,Asian,1,1.3
,Ridge Road Elementary School,White,34,100
North Stonington School District,North Stonington Elementary School,White,34,100
,Wheeler High School,White,38,100
,Wheeler Middle School,White,34,100
Norwalk School District,Brien McMahon High School,Black Or African American,10,7
,,Hispanic Or Latino,8,5.6
,,White,119,83.8
,,Asian,5,3.5
,Brookside Elementary School,Black Or African American,4,9.5
,,Hispanic Or Latino,2,4.8
,,White,36,85.7
,Columbus Magnet School,Black Or African American,2,6.9
,,Hispanic Or Latino,1,3.4
,,White,26,89.7
,Cranbury Elementary School,Hispanic Or Latino,2,5.3
,,White,36,94.7
,Fox Run Elementary School,Black Or African American,3,7.7
,,Hispanic Or Latino,3,7.7
,,White,32,82.1
,,Asian,1,2.6
,Jefferson Magnet School,Black Or African American,1,2.2
,,Hispanic Or Latino,3,6.7
,,White,40,88.9
,,Asian,1,2.2
,Kendall Elementary School,Hispanic Or Latino,4,9.5
,,White,38,90.5
,Marvin Elementary School,Black Or African American,2,5.4
,,Hispanic Or Latino,1,2.7
,,White,33,89.2
,,Asian,1,2.7
,Naramake Elementary School,Black Or African American,3,9.1
,,Hispanic Or Latino,1,3
,,White,29,87.9
,Nathan Hale Middle School,Black Or African American,10,15.6
,,Hispanic Or Latino,3,4.7
,,White,49,76.6
,,Asian,2,3.1
,Norwalk High School,Black Or African American,7,5.3
,,Hispanic Or Latino,9,6.9
,,White,114,87
,,American Indian Or Alaska Native,1,0.8
,Norwalk Pathways Academy at Briggs,Black Or African American,2,11.1
,,White,16,88.9
,Ponus Ridge Middle School,Black Or African American,9,12.9
,,Hispanic Or Latino,3,4.3
,,White,57,81.4
,,Asian,1,1.4
,Roton Middle School,Black Or African American,5,9.3
,,Hispanic Or Latino,5,9.3
,,White,42,77.8
,,Asian,2,3.7
,Rowayton School,Black Or African American,2,4.9
,,Hispanic Or Latino,1,2.4
,,White,37,90.2
,,Asian,1,2.4
,Silvermine Elementary School,Hispanic Or Latino,9,28.1
,,White,23,71.9
,Tracey School,Black Or African American,4,11.4
,,Hispanic Or Latino,4,11.4
,,White,27,77.1
,West Rocks Middle School,Black Or African American,3,4.5
,,Hispanic Or Latino,3,4.5
,,White,59,88.1
,,Asian,2,3
,Wolfpit School,Black Or African American,3,9.4
,,Hispanic Or Latino,1,3.1
,,White,28,87.5
Norwich Free Academy District,Norwich Free Academy,Black Or African American,9,4.8
,,Hispanic Or Latino,5,2.6
,,White,171,90.5
,,Asian,4,2.1
Norwich School District,Deborah-Tennant Zinewicz School,Black Or African American,1,12.5
,,White,6,75
,,Asian,1,12.5
,Hickory Street School,Hispanic Or Latino,1,14.3
,,White,6,85.7
,John B. Stanton School,Black Or African American,1,3.1
,,Hispanic Or Latino,1,3.1
,,White,30,93.8
,Kelly STEAM Magnet Middle School,Black Or African American,2,3.6
,,White,54,96.4
,Moriarty Magnet School,Hispanic Or Latino,1,2.6
,,White,37,94.9
,,Asian,1,2.6
,Samuel Huntington School,White,29,93.5
,,Asian,2,6.5
,Teachers' Memorial Global Studies Magnet Middle School,White,45,97.8
,,Asian,1,2.2
,Thames River Academy,Black Or African American,1,11.1
,,White,8,88.9
,Thomas W. Mahan School,White,25,100
,Uncas Network School,Black Or African American,2,8.3
,,White,22,91.7
,Veterans' Memorial School,Black Or African American,1,3.1
,,White,31,96.9
,Wequonnoc Magnet School,White,20,100
Odyssey Community School District,Odyssey Community School,White,19,100
Old Saybrook School District,Kathleen E. Goodwin School,White,57,100
,Old Saybrook Middle School,White,62,100
,Old Saybrook Senior High School,White,54,100
Orange School District,Mary L. Tracy School,White,28,100
,Peck Place School,White,43,97.7
,,Asian,1,2.3
,Race Brook School,White,48,100
,Turkey Hill School,White,37,100
Oxford School District,Great Oak Middle School,Black Or African American,1,2.3
,,White,42,97.7
,Oxford Center School,Hispanic Or Latino,1,2.7
,,White,36,97.3
,Oxford High School,Black Or African American,1,1.8
,,White,56,98.2
,Quaker Farms School,White,34,100
Park City Prep Charter School District,Park City Prep Charter School,Black Or African American,1,5.3
,,White,18,94.7
Plainfield School District,Moosup Elementary School,White,33,100
,Plainfield Central School,White,48,98
,,American Indian Or Alaska Native,1,2
,Plainfield High School,White,74,98.7
,,Asian,1,1.3
,Plainfield Memorial School,White,35,100
,Shepard Hill Elementary School,White,37,100
Plainville School District,Frank T. Wheeler School,Black Or African American,1,2.9
,,White,34,97.1
,Linden Street School,White,43,100
,Louis Toffolon School,Hispanic Or Latino,1,2.8
,,White,35,97.2
,Middle School of Plainville,Hispanic Or Latino,1,1.6
,,White,60,98.4
,Plainville High School,White,79,100
,Prekindergarten Program,White,3,100
Plymouth School District,Eli Terry Jr. Middle School,Hispanic Or Latino,1,2.2
,,White,44,97.8
,Harry S. Fisher Elementary School,White,35,100
,Plymouth Center School,White,36,100
,Terryville High School,Hispanic Or Latino,1,2
,,White,48,96
,,Asian,1,2
Pomfret School District,Pomfret Community School,White,48,100
Portland School District,Brownstone Intermediate School,White,25,100
,Gildersleeve School,White,25,100
,Portland High School,White,39,100
,Portland Middle School,White,30,100
,Valley View School,White,27,100
Preston School District,Preston Plains School,White,21,100
,Preston Veterans' Memorial School,Black Or African American,1,3.1
,,White,31,96.9
Putnam School District,Helping Hands,White,1,100
,Putnam Elementary School,White,54,100
,Putnam High School,White,37,100
,Putnam Middle School,White,28,100
Redding School District,John Read Middle School,Black Or African American,1,1.4
,,Hispanic Or Latino,1,1.4
,,White,67,97.1
,Redding Elementary School,Hispanic Or Latino,1,1.5
,,White,66,98.5
Regional School District 01,Housatonic Valley Regional High School,White,56,98.2
,,Asian,1,1.8
Regional School District 04,John Winthrop Middle School,White,40,100
,Valley Regional High School,Hispanic Or Latino,2,3.3
,,White,56,93.3
,,Asian,1,1.7
,,American Indian Or Alaska Native,1,1.7
Regional School District 05,Amity Middle School: Bethany,White,43,97.7
,,Asian,1,2.3
,Amity Middle School: Orange,Hispanic Or Latino,3,6.8
,,White,40,90.9
,,Asian,1,2.3
,Amity Regional High School,Black Or African American,1,0.7
,,Hispanic Or Latino,6,3.9
,,White,144,94.1
,,Asian,2,1.3
Regional School District 06,Goshen Center School,White,28,100
,James Morris School,White,30,100
,Wamogo Regional High School,Hispanic Or Latino,2,3.6
,,White,54,96.4
,Warren Elementary School,White,22,100
Regional School District 07,AIM,White,1,100
,Intensive Learning Program,White,1,100
,Links,White,1,100
,Northwestern Regional High School,Hispanic Or Latino,1,1.4
,,White,71,97.3
,,Asian,1,1.4
,Northwestern Regional Middle School,Black Or African American,1,2
,,Hispanic Or Latino,1,2
,,White,47,94
,,Asian,1,2
,STEP,White,7,100
Regional School District 08,RHAM High School,Hispanic Or Latino,2,1.9
,,White,104,97.2
,,American Indian Or Alaska Native,1,0.9
,RHAM Middle School,Black Or African American,1,1.5
,,Hispanic Or Latino,2,2.9
,,White,65,95.6
Regional School District 09,Joel Barlow High School,White,99,100
Regional School District 10,Har-Bur Middle School,White,86,98.9
,,American Indian Or Alaska Native,1,1.1
,Harwinton Consolidated School,Black Or African American,1,1.9
,,White,52,98.1
,Lake Garda Elementary School,White,55,98.2
,,Asian,1,1.8
,Lewis S. Mills High School,Black Or African American,1,1.2
,,Hispanic Or Latino,2,2.5
,,White,77,95.1
,,Asian,1,1.2
Regional School District 11,Parish Hill High School,Hispanic Or Latino,1,2.6
,,White,38,97.4
Regional School District 12,Booth Free School,White,18,100
,Early Childhood Education Center,Hispanic Or Latino,1,25
,,White,3,75
,Shepaug Valley High School,Hispanic Or Latino,1,2.3
,,White,43,97.7
,Shepaug Valley Middle School,Hispanic Or Latino,1,2.7
,,White,36,97.3
,The Burnham School,White,17,100
,Washington Primary School,White,22,100
Regional School District 13,Coginchaug Regional High School,Hispanic Or Latino,2,3.1
,,White,62,96.9
,Francis E. Korn School,Hispanic Or Latino,1,4.2
,,White,23,95.8
,Frank Ward Strong School,Hispanic Or Latino,1,2.6
,,White,37,97.4
,Frederick Brewster School,White,31,100
,John Lyman School,White,31,100
,Middlefield Memorial School,White,33,100
Regional School District 14,Bethlehem Elementary School,Hispanic Or Latino,1,2.7
,,White,36,97.3
,Integrated Star Preschool Program,White,5,100
,Mitchell Elementary School,White,40,100
,Nonnewaug High School,Hispanic Or Latino,1,1.4
,,White,73,98.6
,Woodbury Middle School,White,45,100
Regional School District 15,Gainfield Elementary School,White,38,100
,Long Meadow Elementary School,White,51,100
,Memorial Middle School,Hispanic Or Latino,1,2
,,White,49,96.1
,,Asian,1,2
,Middlebury Elementary School,White,38,100
,Pomperaug Regional High School,Black Or African American,1,0.8
,,Hispanic Or Latino,1,0.8
,,White,118,98.3
,Pomperaug School,White,44,100
,Rochambeau Middle School,Black Or African American,1,1.8
,,Hispanic Or Latino,1,1.8
,,White,52,92.9
,,Asian,2,3.6
Regional School District 16,Algonquin School,White,39,100
,Community School,White,25,100
,Laurel Ledge School,Hispanic Or Latino,2,5
,,White,38,95
,Long River Middle School,White,53,100
,Woodland Regional High School,White,81,100
Regional School District 17,Burr District Elementary School,White,35,97.2
,,Asian,1,2.8
,Haddam Elementary School,Black Or African American,1,3.1
,,White,31,96.9
,Haddam-Killingworth High School,Hispanic Or Latino,1,1.4
,,White,69,98.6
,Haddam-Killingworth Middle School,White,72,100
,Killingworth Elementary School,White,39,100
Regional School District 18,Center School,White,28,96.6
,,Asian,1,3.4
,Lyme Consolidated School,White,21,100
,Lyme-Old Lyme High School,White,50,98
,,Asian,1,2
,Lyme-Old Lyme Middle School,Black Or African American,1,2.5
,,White,38,95
,,Asian,1,2.5
,Mile Creek School,White,30,100
Regional School District 19,E. O. Smith High School,Hispanic Or Latino,2,1.6
,,White,121,98.4
Ridgefield School District,Barlow Mountain Elementary School,White,39,97.5
,,Asian,1,2.5
,Branchville Elementary School,White,35,97.2
,,Asian,1,2.8
,East Ridge Middle School,Hispanic Or Latino,1,1.4
,,White,70,98.6
,Farmingville Elementary School,White,31,100
,Ridgebury Elementary School,White,35,100
,Ridgefield High School,Black Or African American,1,0.6
,,Hispanic Or Latino,4,2.6
,,White,148,95.5
,,Asian,2,1.3
,Scotland Elementary School,White,33,100
,Scotts Ridge Middle School,Hispanic Or Latino,1,1.8
,,White,53,96.4
,,Asian,1,1.8
,Veterans Park Elementary School,White,33,100
Rocky Hill School District,Albert D. Griswold Middle School,White,58,100
,Dr. Oran A. Moser School,Hispanic Or Latino,1,6.7
,,White,14,93.3
,Myrtle H. Stevens School,Hispanic Or Latino,1,2
,,White,48,98
,Rocky Hill High School,Hispanic Or Latino,2,2.6
,,White,75,97.4
,West Hill School,White,48,100
Salem School District,Salem Elementary School,Hispanic Or Latino,1,2
,,White,49,96.1
,,American Indian Or Alaska Native,1,2
Salisbury School District,Salisbury Central School,White,38,97.4
,,Asian,1,2.6
Scotland School District,Scotland Elementary School,White,19,100
Seymour School District,Anna L. Lopresti School,White,29,96.7
,,American Indian Or Alaska Native,1,3.3
,Bungay School,White,40,97.6
,,Asian,1,2.4
,Paul E. Chatfield School,White,32,100
,Seymour High School,White,59,100
,Seymour Middle School,White,47,100
Sharon School District,Sharon Center School,White,32,100
Shelton School District,Mohegan School,White,30,96.8
,,Asian,1,3.2
,Booth Hill School,White,29,100
,Elizabeth Shelton School,White,34,100
,Intermediate School,Hispanic Or Latino,1,1.4
,,White,68,98.6
,Long Hill School,Hispanic Or Latino,1,2.9
,,White,33,97.1
,Perry Hill Elementary School,White,61,100
,Shelton High School,Hispanic Or Latino,1,0.8
,,White,127,98.4
,,Asian,1,0.8
,Sunnyside School,White,23,100
Sherman School District,Sherman School,Hispanic Or Latino,1,2.2
,,White,44,95.7
,,Asian,1,2.2
Side By Side Charter School District,Side By Side Charter School,White,19,100
Simsbury School District,Central School,White,44,100
,Henry James Memorial School,Hispanic Or Latino,1,1.2
,,White,83,98.8
,Latimer Lane School,Hispanic Or Latino,1,2
,,White,47,95.9
,,Asian,1,2
,Simsbury High School,Black Or African American,1,0.7
,,Hispanic Or Latino,2,1.4
,,White,135,94.4
,,Asian,4,2.8
,,American Indian Or Alaska Native,1,0.7
,Squadron Line School,Black Or African American,1,1.4
,,White,68,98.6
,Tariffville School,White,34,100
,Tootin' Hills School,Hispanic Or Latino,1,1.9
,,White,51,96.2
,,Asian,1,1.9
Somers School District,Mabelle B. Avery Middle School,White,40,100
,Somers Elementary School,Black Or African American,1,1.7
,,White,58,98.3
,Somers High School,Hispanic Or Latino,2,3.4
,,White,56,96.6
South Windsor School District,Pleasant Valley School,Black Or African American,1,2.9
,,White,33,97.1
,Eli Terry School,White,38,97.4
,,Asian,1,2.6
,Orchard Hill School,White,35,100
,Philip R. Smith School,Black Or African American,1,3.1
,,Hispanic Or Latino,1,3.1
,,White,30,93.8
,South Windsor High School,Black Or African American,1,0.8
,,Hispanic Or Latino,3,2.3
,,White,127,95.5
,,Asian,2,1.5
,Timothy Edwards School,Hispanic Or Latino,2,2
,,White,96,98
,Wapping Elementary School,White,32,100
Southington School District,John F. Kennedy Middle School,Hispanic Or Latino,1,1.4
,,White,72,97.3
,,American Indian Or Alaska Native,1,1.4
,Derynoski Elementary School,White,51,100
,Flanders Elementary School,White,29,100
,Hatton Elementary School,White,42,100
,Joseph A. Depaolo Middle School,White,73,100
,Plantsville Elementary School,Black Or African American,1,3.4
,,White,27,93.1
,,American Indian Or Alaska Native,1,3.4
,South End Elementary School,White,28,100
,Southington High School,Black Or African American,2,1
,,Hispanic Or Latino,2,1
,,White,188,97.4
,,American Indian Or Alaska Native,1,0.5
,Strong Elementary School,White,37,100
,Thalberg Elementary School,Hispanic Or Latino,1,2.6
,,White,37,94.9
,,Asian,1,2.6
,Urbin T. Kelley School,White,34,100
Sprague School District,Sayles School,Hispanic Or Latino,1,3
,,White,31,93.9
,,Asian,1,3
Stafford School District,Stafford Elementary School,White,53,100
,Stafford High School,Hispanic Or Latino,2,4.1
,,White,46,93.9
,,Asian,1,2
,Stafford Middle School,White,44,100
,Staffordville School,White,20,100
,West Stafford School,White,20,100
Stamford Academy District,Stamford Academy,Black Or African American,1,7.7
,,White,11,84.6
,,American Indian Or Alaska Native,1,7.7
Stamford School District,Cloonan School,Black Or African American,6,9.5
,,Hispanic Or Latino,4,6.3
,,White,51,81
,,Asian,2,3.2
,Davenport Ridge School,Black Or African American,2,3.7
,,White,51,94.4
,,Asian,1,1.9
,Dolan School,Black Or African American,6,9.2
,,Hispanic Or Latino,3,4.6
,,White,54,83.1
,,Asian,1,1.5
,,American Indian Or Alaska Native,1,1.5
,Hart School,Black Or African American,4,8.2
,,Hispanic Or Latino,1,2
,,White,43,87.8
,,Asian,1,2
,Julia A. Stark School,Black Or African American,3,5.5
,,Hispanic Or Latino,2,3.6
,,White,48,87.3
,,Asian,2,3.6
,K. T. Murphy School,Black Or African American,2,3.7
,,Hispanic Or Latino,7,13
,,White,44,81.5
,,Asian,1,1.9
,Newfield School,Black Or African American,6,11.3
,,Hispanic Or Latino,4,7.5
,,White,43,81.1
,Northeast School,Black Or African American,3,4.7
,,Hispanic Or Latino,5,7.8
,,White,56,87.5
,Preschool Team,Black Or African American,1,7.1
,,Hispanic Or Latino,1,7.1
,,White,12,85.7
,Rippowam Middle School,Black Or African American,3,4
,,Hispanic Or Latino,2,2.7
,,White,68,90.7
,,Asian,2,2.7
,Rogers International School,Black Or African American,4,6.3
,,Hispanic Or Latino,9,14.1
,,White,47,73.4
,,Asian,3,4.7
,,American Indian Or Alaska Native,1,1.6
,Roxbury School,Black Or African American,4,6.7
,,Hispanic Or Latino,2,3.3
,,White,53,88.3
,,American Indian Or Alaska Native,1,1.7
,Scofield Middle School,Black Or African American,1,1.5
,,Hispanic Or Latino,3,4.6
,,White,60,92.3
,,Asian,1,1.5
,Springdale School,Black Or African American,4,7.8
,,Hispanic Or Latino,1,2
,,White,45,88.2
,,Asian,1,2
,Stamford High School,Black Or African American,12,8.1
,,Hispanic Or Latino,5,3.4
,,White,129,87.2
,,Asian,1,0.7
,,American Indian Or Alaska Native,1,0.7
,Stillmeadow School,Black Or African American,2,3.4
,,Hispanic Or Latino,4,6.8
,,White,52,88.1
,,Asian,1,1.7
,The Academy of Information Technology,Black Or African American,8,11.9
,,Hispanic Or Latino,5,7.5
,,White,50,74.6
,,Asian,4,6
,Toquam Magnet School,Black Or African American,5,9.4
,,Hispanic Or Latino,3,5.7
,,White,44,83
,,Asian,1,1.9
,Turn of River School,Black Or African American,1,1.5
,,Hispanic Or Latino,5,7.6
,,White,60,90.9
,Westhill High School,Black Or African American,14,7.8
,,Hispanic Or Latino,15,8.3
,,White,145,80.6
,,Asian,5,2.8
,,American Indian Or Alaska Native,1,0.6
,Westover School,Black Or African American,1,1.5
,,Hispanic Or Latino,1,1.5
,,White,63,95.5
,,Asian,1,1.5
State of Connecticut,,Black Or African American,.,3.5
,,Hispanic Or Latino,.,3.4
,,White,.,92.1
,,Asian,.,0.9
,,American Indian Or Alaska Native,.,0.1
,,Not Reported,.,0
Sterling School District,Sterling Community School,White,43,100
Stonington School District,Deans Mill School,White,38,100
,Mystic Middle School,Black Or African American,1,2.3
,,White,40,93
,,Asian,2,4.7
,Pawcatuck Middle School,White,38,95
,,Asian,2,5
,Special Needs Preschool Program,White,2,100
,Stonington High School,Black Or African American,1,1.2
,,Hispanic Or Latino,1,1.2
,,White,77,95.1
,,Asian,2,2.5
,West Broad Street School,White,19,100
,West Vine Street School,White,24,100
Stratford School District,Eli Whitney School,Black Or African American,1,2.2
,,Hispanic Or Latino,1,2.2
,,White,44,95.7
,Bunnell High School,Black Or African American,1,1
,,Hispanic Or Latino,3,3.1
,,White,92,94.8
,,Asian,1,1
,Chapel School,White,45,100
,David Wooster Middle School,Hispanic Or Latino,1,2.1
,,White,47,97.9
,Franklin School,Black Or African American,1,3.1
,,White,30,93.8
,,Asian,1,3.1
,Harry B. Flood Middle School,Black Or African American,1,2
,,Hispanic Or Latino,2,3.9
,,White,48,94.1
,IPP at Honeyspot School,Hispanic Or Latino,1,7.1
,,White,13,92.9
,Lordship School,White,23,100
,Nichols School,Hispanic Or Latino,1,2.9
,,White,33,94.3
,,Asian,1,2.9
,Second Hill Lane School,Black Or African American,3,5.1
,,White,56,94.9
,Stratford Academy - Johnson House,Black Or African American,5,10.4
,,White,43,89.6
,Stratford High School,Black Or African American,2,2.4
,,Hispanic Or Latino,3,3.6
,,White,78,94
,Strive-Stratford,White,2,100
,Wilcoxson School,Black Or African American,1,2.9
,,Hispanic Or Latino,1,2.9
,,White,33,94.3
Suffield School District,A. Ward Spaulding School,Hispanic Or Latino,1,2.2
,,White,44,97.8
,McAlister Intermediate School,Hispanic Or Latino,2,4.1
,,White,47,95.9
,Suffield High School,Hispanic Or Latino,2,2.5
,,White,77,96.3
,,Asian,1,1.3
,Suffield Middle School,Black Or African American,1,1.6
,,Hispanic Or Latino,2,3.1
,,White,59,92.2
,,Asian,2,3.1
The Bridge Academy District,The Bridge Academy,Black Or African American,2,9.5
,,Hispanic Or Latino,2,9.5
,,White,17,81
The Gilbert School District,The Gilbert School,White,41,100
The Woodstock Academy District,The Woodstock Academy,Hispanic Or Latino,2,2
,,White,95,96
,,Asian,2,2
Thomaston School District,Black Rock School,White,33,100
,Thomaston Center School,White,24,100
,Thomaston High School,Black Or African American,1,1.9
,,Hispanic Or Latino,1,1.9
,,White,50,96.2
Thompson School District,Mary R. Fisher Elementary School,Black Or African American,1,2.4
,,White,41,97.6
,Thompson Middle School,Hispanic Or Latino,1,2.7
,,White,36,97.3
,Tourtellotte Memorial High School,White,38,100
Tolland School District,Birch Grove Primary School,White,49,100
,Tolland High School,Hispanic Or Latino,2,2.7
,,White,70,95.9
,,American Indian Or Alaska Native,1,1.4
,Tolland Intermediate School,Black Or African American,1,1.7
,,Hispanic Or Latino,1,1.7
,,White,55,94.8
,,Asian,1,1.7
,Tolland Middle School,Hispanic Or Latino,2,3.4
,,White,56,94.9
,,Asian,1,1.7
Torrington School District,East School,White,41,97.6
,,Asian,1,2.4
,Forbes School,Black Or African American,1,2.4
,,Hispanic Or Latino,2,4.8
,,White,39,92.9
,Southwest School,White,37,97.4
,,Asian,1,2.6
,Torringford School,White,55,98.2
,,Asian,1,1.8
,Torrington High School,Hispanic Or Latino,3,2.9
,,White,98,96.1
,,American Indian Or Alaska Native,1,1
,Torrington Middle School,Hispanic Or Latino,2,2.1
,,White,93,97.9
,Vogel-Wetmore School,Black Or African American,2,4
,,Hispanic Or Latino,4,8
,,White,44,88
Trailblazers Academy District,Trailblazers Academy,Black Or African American,1,4.8
,,White,20,95.2
Trumbull School District,Booth Hill School,Hispanic Or Latino,2,3.6
,,White,53,96.4
,Daniels Farm School,White,52,100
,Frenchtown Elementary School,Hispanic Or Latino,1,1.4
,,White,70,95.9
,,Asian,2,2.7
,Head Start,White,4,100
,Hillcrest Middle School,Hispanic Or Latino,1,1.4
,,White,69,95.8
,,Asian,2,2.8
,Jane Ryan School,White,45,100
,Madison Middle School,Hispanic Or Latino,3,3.6
,,White,81,96.4
,Middlebrook School,Hispanic Or Latino,2,3.8
,,White,50,96.2
,Tashua School,White,46,100
,Trumbull Early Childhood Education Center,White,23,100
,Trumbull High School,Black Or African American,1,0.5
,,Hispanic Or Latino,5,2.7
,,White,176,96.2
,,Asian,1,0.5
Unified School District #1,Bergin Correctional Institution,White,9,100
,Bridgeport Correctional Center,Black Or African American,2,50
,,White,2,50
,Brooklyn Correctional Institution,White,3,100
,Cheshire Correctional Institution,Black Or African American,1,7.7
,,White,12,92.3
,Corrigan/Radgowski Correctional Institution,Black Or African American,1,7.1
,,Hispanic Or Latino,1,7.1
,,White,12,85.7
,Enfield Correctional Institution,Hispanic Or Latino,1,9.1
,,White,10,90.9
,Garner Correctional Institution,White,8,100
,Gates Correctional Institution,Black Or African American,1,10
,,White,9,90
,Hartford Correctional Center,Black Or African American,1,20
,,White,4,80
,MacDougall/Walker Correctional Institution,White,18,100
,Manson Youth Institution,Black Or African American,4,8.7
,,Hispanic Or Latino,1,2.2
,,White,39,84.8
,,Asian,2,4.3
,New Haven Correctional Center,Black Or African American,1,25
,,White,3,75
,Northern Correctional Institution,White,2,100
,Osborn Correctional Institution,White,13,100
,Robinson Correctional Institution,Hispanic Or Latino,2,13.3
,,White,13,86.7
,Willard/Cybulski Correctional Institution,Black Or African American,1,12.5
,,White,7,87.5
,York Correctional Institution,Black Or African American,3,12.5
,,White,20,83.3
,,American Indian Or Alaska Native,1,4.2
Unified School District #2,Children's Place School,Black Or African American,2,16.7
,,Hispanic Or Latino,1,8.3
,,White,9,75
,Riverview School,Black Or African American,1,3.6
,,White,27,96.4
,Walter G. Cady School,Black Or African American,3,6.5
,,White,42,91.3
,,Asian,1,2.2
Union School District,Union Elementary School,White,11,100
Vernon School District,Northeast School,White,27,96.4
,,Asian,1,3.6
,Center Road School,White,42,100
,Lake Street School,White,24,100
,Maple Street School,Black Or African American,1,3.2
,,White,29,93.5
,,American Indian Or Alaska Native,1,3.2
,Rockville High School,Black Or African American,1,0.9
,,Hispanic Or Latino,5,4.5
,,White,102,91.9
,,Asian,1,0.9
,,American Indian Or Alaska Native,2,1.8
,Skinner Road School,Hispanic Or Latino,1,3.3
,,White,29,96.7
,Vernon Center Middle School,Black Or African American,3,3.4
,,Hispanic Or Latino,1,1.1
,,White,85,95.5
Voluntown School District,Voluntown Elementary School,White,36,100
Wallingford School District,Highland School,Black Or African American,1,2.9
,,White,33,97.1
,A.R.T.S. Academy,White,6,100
,Cook Hill School,Black Or African American,1,2.3
,,Hispanic Or Latino,1,2.3
,,White,41,95.3
,Dag Hammarskjold Middle School,White,69,100
,Evarts C. Stevens School,Black Or African American,1,2.6
,,White,38,97.4
,James H. Moran Middle School,Black Or African American,1,1.4
,,White,73,98.6
,Lyman Hall High School,Black Or African American,2,1.8
,,Hispanic Or Latino,3,2.8
,,White,103,94.5
,,American Indian Or Alaska Native,1,0.9
,Mark T. Sheehan High School,Hispanic Or Latino,1,1.1
,,White,87,98.9
,Mary G. Fritz Elementary School of Yalesville,Black Or African American,1,2.4
,,Hispanic Or Latino,1,2.4
,,White,39,95.1
,Moses Y. Beach School,White,36,100
,Parker Farms School,Hispanic Or Latino,1,2.7
,,White,35,94.6
,,Asian,1,2.7
,Pond Hill School,White,39,100
,Rock Hill School,White,37,100
Waterbury School District,Brooklyn Elementary School,Hispanic Or Latino,1,5.3
,,White,18,94.7
,West Side Middle School,Black Or African American,3,2.9
,,Hispanic Or Latino,7,6.8
,,White,91,88.3
,,Asian,2,1.9
,Washington School,Black Or African American,2,7.1
,,Hispanic Or Latino,3,10.7
,,White,23,82.1
,B. W. Tinker School,Hispanic Or Latino,2,5.1
,,White,37,94.9
,Barnard School,Black Or African American,2,6.9
,,White,27,93.1
,Bucks Hill School,Black Or African American,1,1.9
,,Hispanic Or Latino,1,1.9
,,White,51,96.2
,Bunker Hill School,Black Or African American,1,2.4
,,Hispanic Or Latino,1,2.4
,,White,39,95.1
,Carrington School,Hispanic Or Latino,10,21.7
,,White,36,78.3
,Crosby High School,Black Or African American,5,4.2
,,Hispanic Or Latino,12,10
,,White,101,84.2
,,Asian,2,1.7
,Driggs School,Black Or African American,3,5.8
,,Hispanic Or Latino,3,5.8
,,White,45,86.5
,,Asian,1,1.9
,Enlightenment School,Black Or African American,1,3.7
,,Hispanic Or Latino,1,3.7
,,White,25,92.6
,F. J. Kingsbury School,Black Or African American,1,2.8
,,Hispanic Or Latino,1,2.8
,,White,34,94.4
,Gilmartin School,Black Or African American,1,2.6
,,Hispanic Or Latino,1,2.6
,,White,37,94.9
,H. S. Chase School,Hispanic Or Latino,5,8.6
,,White,52,89.7
,,Asian,1,1.7
,Hopeville School,Black Or African American,1,2.3
,,Hispanic Or Latino,8,18.6
,,White,34,79.1
,John F. Kennedy High School,Black Or African American,8,7.1
,,Hispanic Or Latino,6,5.4
,,White,98,87.5
,Maloney Interdistrict Magnet School,Black Or African American,1,1.9
,,Hispanic Or Latino,5,9.4
,,White,46,86.8
,,Asian,1,1.9
,Margaret M. Generali Elementary School,Hispanic Or Latino,1,2.1
,,White,47,97.9
,Michael F. Wallace Middle School,Black Or African American,4,3.8
,,Hispanic Or Latino,8,7.5
,,White,92,86.8
,,Asian,2,1.9
,North End Middle School,Black Or African American,2,1.9
,,Hispanic Or Latino,10,9.5
,,White,92,87.6
,,Not Reported,1,1
,Regan School,Black Or African American,1,4.3
,,White,22,95.7
,Rotella Interdistrict Magnet School,Black Or African American,1,2
,,Hispanic Or Latino,2,3.9
,,White,48,94.1
,Special Education Preschool,White,26,100
,Sprague School,Hispanic Or Latino,1,2.6
,,White,37,97.4
,State Street School,Hispanic Or Latino,2,13.3
,,White,13,86.7
,Walsh School,Black Or African American,7,14.9
,,Hispanic Or Latino,7,14.9
,,White,32,68.1
,,American Indian Or Alaska Native,1,2.1
,Waterbury Arts Magnet School (High),Black Or African American,3,5.2
,,Hispanic Or Latino,3,5.2
,,White,51,87.9
,,Asian,1,1.7
,Waterbury Arts Magnet School (Middle),Black Or African American,2,4.2
,,Hispanic Or Latino,2,4.2
,,White,44,91.7
,Wendell L. Cross School,Black Or African American,2,6.3
,,Hispanic Or Latino,2,6.3
,,White,28,87.5
,Wilby High School,Black Or African American,8,7.2
,,Hispanic Or Latino,5,4.5
,,White,95,85.6
,,Asian,3,2.7
,Woodrow Wilson School,Black Or African American,2,5.4
,,Hispanic Or Latino,5,13.5
,,White,30,81.1
Waterford School District,Clark Lane Middle School,Hispanic Or Latino,2,3
,,White,64,97
,Great Neck Elementary School,White,42,100
,Oswegatchie Elementary School,Black Or African American,1,2.3
,,Hispanic Or Latino,2,4.5
,,White,41,93.2
,Quaker Hill Elementary School,White,40,100
,Waterford High School,Black Or African American,1,1
,,Hispanic Or Latino,2,2
,,White,94,95.9
,,Asian,1,1
Watertown School District,Fletcher W. Judson School,White,27,100
,John Trumbull Primary School,White,55,98.2
,,Asian,1,1.8
,Polk School,Hispanic Or Latino,1,3.3
,,White,29,96.7
,Swift Middle School,White,72,100
,Watertown High School,Hispanic Or Latino,2,2.3
,,White,85,97.7
West Hartford School District,Aiken School,Black Or African American,1,2.3
,,Hispanic Or Latino,1,2.3
,,White,41,95.3
,Braeburn School,White,36,97.3
,,Asian,1,2.7
,Bristow Middle School,White,48,96
,,Asian,2,4
,Bugbee School,Hispanic Or Latino,2,5.9
,,White,31,91.2
,,Asian,1,2.9
,Charter Oak International Academy,Black Or African American,2,5.1
,,White,37,94.9
,Conard High School,Black Or African American,2,1.4
,,Hispanic Or Latino,5,3.6
,,White,130,93.5
,,Asian,2,1.4
,Duffy School,Black Or African American,2,3.8
,,Hispanic Or Latino,1,1.9
,,White,48,92.3
,,Asian,1,1.9
,Hall High School,Black Or African American,3,2.3
,,Hispanic Or Latino,3,2.3
,,White,123,93.2
,,Asian,3,2.3
,King Philip Middle School,White,100,100
,Morley School,White,37,100
,Norfeldt School,Black Or African American,1,2.3
,,White,41,95.3
,,American Indian Or Alaska Native,1,2.3
,Post Secondary Program,White,2,100
,Sedgwick Middle School,Black Or African American,4,4.2
,,Hispanic Or Latino,5,5.2
,,White,86,89.6
,,Asian,1,1
,Smith School,Black Or African American,1,2.6
,,Hispanic Or Latino,1,2.6
,,White,36,92.3
,,Asian,1,2.6
,Webster Hill School,Black Or African American,1,2.2
,,Hispanic Or Latino,1,2.2
,,White,43,93.5
,,Asian,1,2.2
,Whiting Lane School,Black Or African American,2,3.2
,,Hispanic Or Latino,2,3.2
,,White,59,93.7
,Wolcott School,Hispanic Or Latino,1,2.1
,,White,47,97.9
West Haven School District,Washington School,Black Or African American,4,10.5
,,White,34,89.5
,Alma E. Pagels School,Hispanic Or Latino,1,2.2
,,White,44,97.8
,Carrigan 5/6 Intermediate School,Black Or African American,6,7
,,Hispanic Or Latino,1,1.2
,,White,79,91.9
,Edith E. Mackrille School,Black Or African American,1,2.8
,,Hispanic Or Latino,1,2.8
,,White,34,94.4
,Forest School,Black Or African American,2,4.9
,,Hispanic Or Latino,1,2.4
,,White,38,92.7
,Harry M. Bailey Middle School,Black Or African American,3,3.5
,,Hispanic Or Latino,2,2.4
,,White,80,94.1
,Savin Rock Community School,Hispanic Or Latino,2,4.3
,,White,45,95.7
,Seth G. Haley School,Black Or African American,1,2.4
,,White,40,97.6
,West Haven High School,Black Or African American,5,3.4
,,Hispanic Or Latino,4,2.7
,,White,136,93.2
,,American Indian Or Alaska Native,1,0.7
Westbrook School District,Daisy Ingraham School,White,37,100
,Westbrook High School,White,40,100
,Westbrook Middle School,White,38,100
Weston School District,Hurlbutt Elementary School,White,47,97.9
,,Asian,1,2.1
,Weston High School,Hispanic Or Latino,1,1.3
,,White,74,96.1
,,Asian,2,2.6
,Weston Intermediate School,Hispanic Or Latino,1,1.6
,,White,60,96.8
,,Asian,1,1.6
,Weston Middle School,Black Or African American,1,1.6
,,Hispanic Or Latino,1,1.6
,,White,61,95.3
,,Asian,1,1.6
Westport School District,Bedford Middle School,Black Or African American,1,1
,,Hispanic Or Latino,1,1
,,White,95,96.9
,,Asian,1,1
,Coleytown Elementary School,Hispanic Or Latino,2,3.4
,,White,56,96.6
,Coleytown Middle School,Hispanic Or Latino,2,2.7
,,White,70,95.9
,,Asian,1,1.4
,Green's Farms School,Hispanic Or Latino,1,1.6
,,White,61,98.4
,King's Highway Elementary School,Hispanic Or Latino,1,1.6
,,White,60,96.8
,,Asian,1,1.6
,Long Lots School,White,66,100
,Saugatuck Elementary School,Black Or African American,1,1.6
,,Hispanic Or Latino,1,1.6
,,White,60,96.8
,Staples High School,Hispanic Or Latino,10,5.2
,,White,181,94.3
,,Asian,1,0.5
,Stepping Stones Preschool,White,14,100
Wethersfield School District,Alfred W. Hanmer School,Hispanic Or Latino,2,4.8
,,White,39,92.9
,,Asian,1,2.4
,Charles Wright School,Hispanic Or Latino,1,3
,,White,31,93.9
,,Asian,1,3
,Emerson-Williams School,Black Or African American,1,2.8
,,White,35,97.2
,Highcrest School,White,37,100
,Samuel B. Webb Elementary School,Black Or African American,1,2.6
,,White,37,94.9
,,Asian,1,2.6
,Silas Deane Middle School,Black Or African American,2,3.6
,,Hispanic Or Latino,1,1.8
,,White,53,94.6
,Wethersfield High School,Black Or African American,1,0.9
,,Hispanic Or Latino,2,1.8
,,White,105,95.5
,,Asian,2,1.8
Willington School District,Center School,Hispanic Or Latino,2,8
,,White,23,92
,Hall Memorial School,Hispanic Or Latino,2,5.6
,,White,34,94.4
Wilton School District,Middlebrook School,Black Or African American,2,2
,,Hispanic Or Latino,1,1
,,White,95,96
,,Asian,1,1
,Cider Mill School,White,91,98.9
,,Asian,1,1.1
,Miller-Driscoll School,Hispanic Or Latino,1,1.2
,,White,83,98.8
,Wilton High School,Hispanic Or Latino,5,4.3
,,White,111,95.7
Winchester School District,Batcheller Early Education Center,White,14,100
,Mary P. Hinsdale School,White,35,100
,Pearson School,White,40,100
Windham School District,Early Headstart,Hispanic Or Latino,1,16.7
,,White,5,83.3
,Eastern Regional Academy/Windham,White,2,100
,Natchaug School,Hispanic Or Latino,2,6.3
,,White,30,93.8
,North Windham School,Hispanic Or Latino,4,9.5
,,White,38,90.5
,W. B. Sweeney School,Hispanic Or Latino,1,2.9
,,White,33,94.3
,,Asian,1,2.9
,Windham Center School,Hispanic Or Latino,5,16.7
,,White,25,83.3
,Windham Early Childhood Center,Hispanic Or Latino,2,15.4
,,White,10,76.9
,,Asian,1,7.7
,Windham High School,Black Or African American,1,1.1
,,Hispanic Or Latino,2,2.3
,,White,81,93.1
,,Asian,3,3.4
,Windham Middle School,Hispanic Or Latino,9,10.3
,,White,78,89.7
Windsor Locks School District,North Street School,White,47,100
,South Elementary School,Hispanic Or Latino,2,5
,,White,38,95
,Windsor Locks High School,Black Or African American,2,3.3
,,Hispanic Or Latino,1,1.6
,,White,58,95.1
,Windsor Locks Middle School,Black Or African American,2,4
,,Hispanic Or Latino,1,2
,,White,47,94
Windsor School District,Clover Street School,Black Or African American,5,13.2
,,White,32,84.2
,,Asian,1,2.6
,John F. Kennedy School,Black Or African American,3,7.7
,,Hispanic Or Latino,1,2.6
,,White,35,89.7
,Oliver Ellsworth School,Black Or African American,6,12.8
,,White,41,87.2
,Poquonock Elementary School,Black Or African American,4,10
,,White,36,90
,Roger Wolcott Early Child Center,Black Or African American,1,3.8
,,White,24,92.3
,,Asian,1,3.8
,Sage Park Middle School,Black Or African American,6,5.6
,,Hispanic Or Latino,2,1.9
,,White,97,89.8
,,Asian,2,1.9
,,American Indian Or Alaska Native,1,0.9
,Windsor High School,Black Or African American,12,8.2
,,Hispanic Or Latino,5,3.4
,,White,126,86.3
,,Asian,3,2.1
Wolcott School District,Alcott School,White,35,100
,Frisbie School,Hispanic Or Latino,1,2.9
,,White,34,97.1
,Tyrrell Middle School,Black Or African American,1,1.6
,,White,61,98.4
,Wakelee School,White,35,100
,Wolcott High School,Black Or African American,1,1.3
,,Hispanic Or Latino,2,2.5
,,White,76,96.2
Woodbridge School District,Beecher Road Intermediate School,Hispanic Or Latino,1,2.3
,,White,41,95.3
,,Asian,1,2.3
,Beecher Road Primary School,Hispanic Or Latino,1,2.8
,,White,35,97.2
Woodstock School District,Woodstock Elementary School,White,37,97.4
,,Asian,1,2.6
,Woodstock Middle School,White,38,100